Sheet,Type,Symbol,GID,Edit_URL,CSV_URL,Yahoo_URL
HEALTH,Core,,432784898,https://docs.google.com/spreadsheets/d/1iClfgrC4QaJ7Wb00dPoeg6DANCc1VisSqds-yhXtL2M/edit#gid=432784898,https://docs.google.com/spreadsheets/d/1iClfgrC4QaJ7Wb00dPoeg6DANCc1VisSqds-yhXtL2M/export?format=csv&gid=432784898,
Links,Core,,398853508,https://docs.google.com/spreadsheets/d/1iClfgrC4QaJ7Wb00dPoeg6DANCc1VisSqds-yhXtL2M/edit#gid=398853508,https://docs.google.com/spreadsheets/d/1iClfgrC4QaJ7Wb00dPoeg6DANCc1VisSqds-yhXtL2M/export?format=csv&gid=398853508,
Logs,Core,,1401835814,https://docs.google.com/spreadsheets/d/1iClfgrC4QaJ7Wb00dPoeg6DANCc1VisSqds-yhXtL2M/edit#gid=1401835814,https://docs.google.com/spreadsheets/d/1iClfgrC4QaJ7Wb00dPoeg6DANCc1VisSqds-yhXtL2M/export?format=csv&gid=1401835814,
Prices,Core,,1810863751,https://docs.google.com/spreadsheets/d/1iClfgrC4QaJ7Wb00dPoeg6DANCc1VisSqds-yhXtL2M/edit#gid=1810863751,https://docs.google.com/spreadsheets/d/1iClfgrC4QaJ7Wb00dPoeg6DANCc1VisSqds-yhXtL2M/export?format=csv&gid=1810863751,
Routes,Core,,504682399,https://docs.google.com/spreadsheets/d/1iClfgrC4QaJ7Wb00dPoeg6DANCc1VisSqds-yhXtL2M/edit#gid=504682399,https://docs.google.com/spreadsheets/d/1iClfgrC4QaJ7Wb00dPoeg6DANCc1VisSqds-yhXtL2M/export?format=csv&gid=504682399,
SCAN,Core,,1375435285,https://docs.google.com/spreadsheets/d/1iClfgrC4QaJ7Wb00dPoeg6DANCc1VisSqds-yhXtL2M/edit#gid=1375435285,https://docs.google.com/spreadsheets/d/1iClfgrC4QaJ7Wb00dPoeg6DANCc1VisSqds-yhXtL2M/export?format=csv&gid=1375435285,
Settings,Core,,1564502400,https://docs.google.com/spreadsheets/d/1iClfgrC4QaJ7Wb00dPoeg6DANCc1VisSqds-yhXtL2M/edit#gid=1564502400,https://docs.google.com/spreadsheets/d/1iClfgrC4QaJ7Wb00dPoeg6DANCc1VisSqds-yhXtL2M/export?format=csv&gid=1564502400,
H_^DJI,History,^DJI,2002325826,https://docs.google.com/spreadsheets/d/1iClfgrC4QaJ7Wb00dPoeg6DANCc1VisSqds-yhXtL2M/edit#gid=2002325826,https://docs.google.com/spreadsheets/d/1iClfgrC4QaJ7Wb00dPoeg6DANCc1VisSqds-yhXtL2M/export?format=csv&gid=2002325826,https://ca.finance.yahoo.com/quote/%5EDJI/
H_^FTSE,History,^FTSE,1259537468,https://docs.google.com/spreadsheets/d/1iClfgrC4QaJ7Wb00dPoeg6DANCc1VisSqds-yhXtL2M/edit#gid=1259537468,https://docs.google.com/spreadsheets/d/1iClfgrC4QaJ7Wb00dPoeg6DANCc1VisSqds-yhXtL2M/export?format=csv&gid=1259537468,https://ca.finance.yahoo.com/quote/%5EFTSE/
H_^GSPC,History,^GSPC,1130038508,https://docs.google.com/spreadsheets/d/1iClfgrC4QaJ7Wb00dPoeg6DANCc1VisSqds-yhXtL2M/edit#gid=1130038508,https://docs.google.com/spreadsheets/d/1iClfgrC4QaJ7Wb00dPoeg6DANCc1VisSqds-yhXtL2M/export?format=csv&gid=1130038508,https://ca.finance.yahoo.com/quote/%5EGSPC/
H_^GSPTSE,History,^GSPTSE,342947107,https://docs.google.com/spreadsheets/d/1iClfgrC4QaJ7Wb00dPoeg6DANCc1VisSqds-yhXtL2M/edit#gid=342947107,https://docs.google.com/spreadsheets/d/1iClfgrC4QaJ7Wb00dPoeg6DANCc1VisSqds-yhXtL2M/export?format=csv&gid=342947107,https://ca.finance.yahoo.com/quote/%5EGSPTSE/
H_^NDX,History,^NDX,829342925,https://docs.google.com/spreadsheets/d/1iClfgrC4QaJ7Wb00dPoeg6DANCc1VisSqds-yhXtL2M/edit#gid=829342925,https://docs.google.com/spreadsheets/d/1iClfgrC4QaJ7Wb00dPoeg6DANCc1VisSqds-yhXtL2M/export?format=csv&gid=829342925,https://ca.finance.yahoo.com/quote/%5ENDX/
H_^RUT,History,^RUT,979290995,https://docs.google.com/spreadsheets/d/1iClfgrC4QaJ7Wb00dPoeg6DANCc1VisSqds-yhXtL2M/edit#gid=979290995,https://docs.google.com/spreadsheets/d/1iClfgrC4QaJ7Wb00dPoeg6DANCc1VisSqds-yhXtL2M/export?format=csv&gid=979290995,https://ca.finance.yahoo.com/quote/%5ERUT/
H_^STOXX50E,History,^STOXX50E,1126467068,https://docs.google.com/spreadsheets/d/1iClfgrC4QaJ7Wb00dPoeg6DANCc1VisSqds-yhXtL2M/edit#gid=1126467068,https://docs.google.com/spreadsheets/d/1iClfgrC4QaJ7Wb00dPoeg6DANCc1VisSqds-yhXtL2M/export?format=csv&gid=1126467068,https://ca.finance.yahoo.com/quote/%5ESTOXX50E/
H_^VIX,History,^VIX,1032107777,https://docs.google.com/spreadsheets/d/1iClfgrC4QaJ7Wb00dPoeg6DANCc1VisSqds-yhXtL2M/edit#gid=1032107777,https://docs.google.com/spreadsheets/d/1iClfgrC4QaJ7Wb00dPoeg6DANCc1VisSqds-yhXtL2M/export?format=csv&gid=1032107777,https://ca.finance.yahoo.com/quote/%5EVIX/
H_ACWI,History,ACWI,2036943975,https://docs.google.com/spreadsheets/d/1iClfgrC4QaJ7Wb00dPoeg6DANCc1VisSqds-yhXtL2M/edit#gid=2036943975,https://docs.google.com/spreadsheets/d/1iClfgrC4QaJ7Wb00dPoeg6DANCc1VisSqds-yhXtL2M/export?format=csv&gid=2036943975,https://ca.finance.yahoo.com/quote/ACWI/
H_ACWX,History,ACWX,532282998,https://docs.google.com/spreadsheets/d/1iClfgrC4QaJ7Wb00dPoeg6DANCc1VisSqds-yhXtL2M/edit#gid=532282998,https://docs.google.com/spreadsheets/d/1iClfgrC4QaJ7Wb00dPoeg6DANCc1VisSqds-yhXtL2M/export?format=csv&gid=532282998,https://ca.finance.yahoo.com/quote/ACWX/
H_AGG,History,AGG,65756274,https://docs.google.com/spreadsheets/d/1iClfgrC4QaJ7Wb00dPoeg6DANCc1VisSqds-yhXtL2M/edit#gid=65756274,https://docs.google.com/spreadsheets/d/1iClfgrC4QaJ7Wb00dPoeg6DANCc1VisSqds-yhXtL2M/export?format=csv&gid=65756274,https://ca.finance.yahoo.com/quote/AGG/
H_BND,History,BND,1709220839,https://docs.google.com/spreadsheets/d/1iClfgrC4QaJ7Wb00dPoeg6DANCc1VisSqds-yhXtL2M/edit#gid=1709220839,https://docs.google.com/spreadsheets/d/1iClfgrC4QaJ7Wb00dPoeg6DANCc1VisSqds-yhXtL2M/export?format=csv&gid=1709220839,https://ca.finance.yahoo.com/quote/BND/
H_CGL,History,CGL,1145782557,https://docs.google.com/spreadsheets/d/1iClfgrC4QaJ7Wb00dPoeg6DANCc1VisSqds-yhXtL2M/edit#gid=1145782557,https://docs.google.com/spreadsheets/d/1iClfgrC4QaJ7Wb00dPoeg6DANCc1VisSqds-yhXtL2M/export?format=csv&gid=1145782557,https://ca.finance.yahoo.com/quote/CGL.TO/
H_CGL.C,History,CGL.C,1340525819,https://docs.google.com/spreadsheets/d/1iClfgrC4QaJ7Wb00dPoeg6DANCc1VisSqds-yhXtL2M/edit#gid=1340525819,https://docs.google.com/spreadsheets/d/1iClfgrC4QaJ7Wb00dPoeg6DANCc1VisSqds-yhXtL2M/export?format=csv&gid=1340525819,https://ca.finance.yahoo.com/quote/CGL-C.TO/
H_DBC,History,DBC,1034193580,https://docs.google.com/spreadsheets/d/1iClfgrC4QaJ7Wb00dPoeg6DANCc1VisSqds-yhXtL2M/edit#gid=1034193580,https://docs.google.com/spreadsheets/d/1iClfgrC4QaJ7Wb00dPoeg6DANCc1VisSqds-yhXtL2M/export?format=csv&gid=1034193580,https://ca.finance.yahoo.com/quote/DBC/
H_DIA,History,DIA,1923689630,https://docs.google.com/spreadsheets/d/1iClfgrC4QaJ7Wb00dPoeg6DANCc1VisSqds-yhXtL2M/edit#gid=1923689630,https://docs.google.com/spreadsheets/d/1iClfgrC4QaJ7Wb00dPoeg6DANCc1VisSqds-yhXtL2M/export?format=csv&gid=1923689630,https://ca.finance.yahoo.com/quote/DIA/
H_EEM,History,EEM,1273800202,https://docs.google.com/spreadsheets/d/1iClfgrC4QaJ7Wb00dPoeg6DANCc1VisSqds-yhXtL2M/edit#gid=1273800202,https://docs.google.com/spreadsheets/d/1iClfgrC4QaJ7Wb00dPoeg6DANCc1VisSqds-yhXtL2M/export?format=csv&gid=1273800202,https://ca.finance.yahoo.com/quote/EEM/
H_EFA,History,EFA,849254159,https://docs.google.com/spreadsheets/d/1iClfgrC4QaJ7Wb00dPoeg6DANCc1VisSqds-yhXtL2M/edit#gid=849254159,https://docs.google.com/spreadsheets/d/1iClfgrC4QaJ7Wb00dPoeg6DANCc1VisSqds-yhXtL2M/export?format=csv&gid=849254159,https://ca.finance.yahoo.com/quote/EFA/
H_GLD,History,GLD,6001529,https://docs.google.com/spreadsheets/d/1iClfgrC4QaJ7Wb00dPoeg6DANCc1VisSqds-yhXtL2M/edit#gid=6001529,https://docs.google.com/spreadsheets/d/1iClfgrC4QaJ7Wb00dPoeg6DANCc1VisSqds-yhXtL2M/export?format=csv&gid=6001529,https://ca.finance.yahoo.com/quote/GLD/
H_HXQ,History,HXQ,246191754,https://docs.google.com/spreadsheets/d/1iClfgrC4QaJ7Wb00dPoeg6DANCc1VisSqds-yhXtL2M/edit#gid=246191754,https://docs.google.com/spreadsheets/d/1iClfgrC4QaJ7Wb00dPoeg6DANCc1VisSqds-yhXtL2M/export?format=csv&gid=246191754,https://ca.finance.yahoo.com/quote/HXQ.TO/
H_HXT,History,HXT,1540859224,https://docs.google.com/spreadsheets/d/1iClfgrC4QaJ7Wb00dPoeg6DANCc1VisSqds-yhXtL2M/edit#gid=1540859224,https://docs.google.com/spreadsheets/d/1iClfgrC4QaJ7Wb00dPoeg6DANCc1VisSqds-yhXtL2M/export?format=csv&gid=1540859224,https://ca.finance.yahoo.com/quote/HXT.TO/
H_HYG,History,HYG,1050546953,https://docs.google.com/spreadsheets/d/1iClfgrC4QaJ7Wb00dPoeg6DANCc1VisSqds-yhXtL2M/edit#gid=1050546953,https://docs.google.com/spreadsheets/d/1iClfgrC4QaJ7Wb00dPoeg6DANCc1VisSqds-yhXtL2M/export?format=csv&gid=1050546953,https://ca.finance.yahoo.com/quote/HYG/
H_IAU,History,IAU,542113929,https://docs.google.com/spreadsheets/d/1iClfgrC4QaJ7Wb00dPoeg6DANCc1VisSqds-yhXtL2M/edit#gid=542113929,https://docs.google.com/spreadsheets/d/1iClfgrC4QaJ7Wb00dPoeg6DANCc1VisSqds-yhXtL2M/export?format=csv&gid=542113929,https://ca.finance.yahoo.com/quote/IAU/
H_IEF,History,IEF,1519944340,https://docs.google.com/spreadsheets/d/1iClfgrC4QaJ7Wb00dPoeg6DANCc1VisSqds-yhXtL2M/edit#gid=1519944340,https://docs.google.com/spreadsheets/d/1iClfgrC4QaJ7Wb00dPoeg6DANCc1VisSqds-yhXtL2M/export?format=csv&gid=1519944340,https://ca.finance.yahoo.com/quote/IEF/
H_IEFA,History,IEFA,639572203,https://docs.google.com/spreadsheets/d/1iClfgrC4QaJ7Wb00dPoeg6DANCc1VisSqds-yhXtL2M/edit#gid=639572203,https://docs.google.com/spreadsheets/d/1iClfgrC4QaJ7Wb00dPoeg6DANCc1VisSqds-yhXtL2M/export?format=csv&gid=639572203,https://ca.finance.yahoo.com/quote/IEFA/
H_IEMG,History,IEMG,1837343938,https://docs.google.com/spreadsheets/d/1iClfgrC4QaJ7Wb00dPoeg6DANCc1VisSqds-yhXtL2M/edit#gid=1837343938,https://docs.google.com/spreadsheets/d/1iClfgrC4QaJ7Wb00dPoeg6DANCc1VisSqds-yhXtL2M/export?format=csv&gid=1837343938,https://ca.finance.yahoo.com/quote/IEMG/
H_IJH,History,IJH,1824368383,https://docs.google.com/spreadsheets/d/1iClfgrC4QaJ7Wb00dPoeg6DANCc1VisSqds-yhXtL2M/edit#gid=1824368383,https://docs.google.com/spreadsheets/d/1iClfgrC4QaJ7Wb00dPoeg6DANCc1VisSqds-yhXtL2M/export?format=csv&gid=1824368383,https://ca.finance.yahoo.com/quote/IJH/
H_IJR,History,IJR,760550159,https://docs.google.com/spreadsheets/d/1iClfgrC4QaJ7Wb00dPoeg6DANCc1VisSqds-yhXtL2M/edit#gid=760550159,https://docs.google.com/spreadsheets/d/1iClfgrC4QaJ7Wb00dPoeg6DANCc1VisSqds-yhXtL2M/export?format=csv&gid=760550159,https://ca.finance.yahoo.com/quote/IJR/
H_ITOT,History,ITOT,327853837,https://docs.google.com/spreadsheets/d/1iClfgrC4QaJ7Wb00dPoeg6DANCc1VisSqds-yhXtL2M/edit#gid=327853837,https://docs.google.com/spreadsheets/d/1iClfgrC4QaJ7Wb00dPoeg6DANCc1VisSqds-yhXtL2M/export?format=csv&gid=327853837,https://ca.finance.yahoo.com/quote/ITOT/
H_IVV,History,IVV,543077039,https://docs.google.com/spreadsheets/d/1iClfgrC4QaJ7Wb00dPoeg6DANCc1VisSqds-yhXtL2M/edit#gid=543077039,https://docs.google.com/spreadsheets/d/1iClfgrC4QaJ7Wb00dPoeg6DANCc1VisSqds-yhXtL2M/export?format=csv&gid=543077039,https://ca.finance.yahoo.com/quote/IVV/
H_IWB,History,IWB,1073606595,https://docs.google.com/spreadsheets/d/1iClfgrC4QaJ7Wb00dPoeg6DANCc1VisSqds-yhXtL2M/edit#gid=1073606595,https://docs.google.com/spreadsheets/d/1iClfgrC4QaJ7Wb00dPoeg6DANCc1VisSqds-yhXtL2M/export?format=csv&gid=1073606595,https://ca.finance.yahoo.com/quote/IWB/
H_IWD,History,IWD,240972557,https://docs.google.com/spreadsheets/d/1iClfgrC4QaJ7Wb00dPoeg6DANCc1VisSqds-yhXtL2M/edit#gid=240972557,https://docs.google.com/spreadsheets/d/1iClfgrC4QaJ7Wb00dPoeg6DANCc1VisSqds-yhXtL2M/export?format=csv&gid=240972557,https://ca.finance.yahoo.com/quote/IWD/
H_IWF,History,IWF,1140933779,https://docs.google.com/spreadsheets/d/1iClfgrC4QaJ7Wb00dPoeg6DANCc1VisSqds-yhXtL2M/edit#gid=1140933779,https://docs.google.com/spreadsheets/d/1iClfgrC4QaJ7Wb00dPoeg6DANCc1VisSqds-yhXtL2M/export?format=csv&gid=1140933779,https://ca.finance.yahoo.com/quote/IWF/
H_IWM,History,IWM,1892642416,https://docs.google.com/spreadsheets/d/1iClfgrC4QaJ7Wb00dPoeg6DANCc1VisSqds-yhXtL2M/edit#gid=1892642416,https://docs.google.com/spreadsheets/d/1iClfgrC4QaJ7Wb00dPoeg6DANCc1VisSqds-yhXtL2M/export?format=csv&gid=1892642416,https://ca.finance.yahoo.com/quote/IWM/
H_IWO,History,IWO,406347902,https://docs.google.com/spreadsheets/d/1iClfgrC4QaJ7Wb00dPoeg6DANCc1VisSqds-yhXtL2M/edit#gid=406347902,https://docs.google.com/spreadsheets/d/1iClfgrC4QaJ7Wb00dPoeg6DANCc1VisSqds-yhXtL2M/export?format=csv&gid=406347902,https://ca.finance.yahoo.com/quote/IWO/
H_IWP,History,IWP,1142942073,https://docs.google.com/spreadsheets/d/1iClfgrC4QaJ7Wb00dPoeg6DANCc1VisSqds-yhXtL2M/edit#gid=1142942073,https://docs.google.com/spreadsheets/d/1iClfgrC4QaJ7Wb00dPoeg6DANCc1VisSqds-yhXtL2M/export?format=csv&gid=1142942073,https://ca.finance.yahoo.com/quote/IWP/
H_IWS,History,IWS,1797541314,https://docs.google.com/spreadsheets/d/1iClfgrC4QaJ7Wb00dPoeg6DANCc1VisSqds-yhXtL2M/edit#gid=1797541314,https://docs.google.com/spreadsheets/d/1iClfgrC4QaJ7Wb00dPoeg6DANCc1VisSqds-yhXtL2M/export?format=csv&gid=1797541314,https://ca.finance.yahoo.com/quote/IWS/
H_IYR,History,IYR,409903059,https://docs.google.com/spreadsheets/d/1iClfgrC4QaJ7Wb00dPoeg6DANCc1VisSqds-yhXtL2M/edit#gid=409903059,https://docs.google.com/spreadsheets/d/1iClfgrC4QaJ7Wb00dPoeg6DANCc1VisSqds-yhXtL2M/export?format=csv&gid=409903059,https://ca.finance.yahoo.com/quote/IYR/
H_JNK,History,JNK,742364734,https://docs.google.com/spreadsheets/d/1iClfgrC4QaJ7Wb00dPoeg6DANCc1VisSqds-yhXtL2M/edit#gid=742364734,https://docs.google.com/spreadsheets/d/1iClfgrC4QaJ7Wb00dPoeg6DANCc1VisSqds-yhXtL2M/export?format=csv&gid=742364734,https://ca.finance.yahoo.com/quote/JNK/
H_LQD,History,LQD,959514889,https://docs.google.com/spreadsheets/d/1iClfgrC4QaJ7Wb00dPoeg6DANCc1VisSqds-yhXtL2M/edit#gid=959514889,https://docs.google.com/spreadsheets/d/1iClfgrC4QaJ7Wb00dPoeg6DANCc1VisSqds-yhXtL2M/export?format=csv&gid=959514889,https://ca.finance.yahoo.com/quote/LQD/
H_MTUM,History,MTUM,885939076,https://docs.google.com/spreadsheets/d/1iClfgrC4QaJ7Wb00dPoeg6DANCc1VisSqds-yhXtL2M/edit#gid=885939076,https://docs.google.com/spreadsheets/d/1iClfgrC4QaJ7Wb00dPoeg6DANCc1VisSqds-yhXtL2M/export?format=csv&gid=885939076,https://ca.finance.yahoo.com/quote/MTUM/
H_QQC-F,History,QQC-F,1382995285,https://docs.google.com/spreadsheets/d/1iClfgrC4QaJ7Wb00dPoeg6DANCc1VisSqds-yhXtL2M/edit#gid=1382995285,https://docs.google.com/spreadsheets/d/1iClfgrC4QaJ7Wb00dPoeg6DANCc1VisSqds-yhXtL2M/export?format=csv&gid=1382995285,https://ca.finance.yahoo.com/quote/QQC-F.TO/
H_QQQ,History,QQQ,1286723710,https://docs.google.com/spreadsheets/d/1iClfgrC4QaJ7Wb00dPoeg6DANCc1VisSqds-yhXtL2M/edit#gid=1286723710,https://docs.google.com/spreadsheets/d/1iClfgrC4QaJ7Wb00dPoeg6DANCc1VisSqds-yhXtL2M/export?format=csv&gid=1286723710,https://ca.finance.yahoo.com/quote/QQQ/
H_QQQM,History,QQQM,439355577,https://docs.google.com/spreadsheets/d/1iClfgrC4QaJ7Wb00dPoeg6DANCc1VisSqds-yhXtL2M/edit#gid=439355577,https://docs.google.com/spreadsheets/d/1iClfgrC4QaJ7Wb00dPoeg6DANCc1VisSqds-yhXtL2M/export?format=csv&gid=439355577,https://ca.finance.yahoo.com/quote/QQQM/
H_QUAL,History,QUAL,1642079178,https://docs.google.com/spreadsheets/d/1iClfgrC4QaJ7Wb00dPoeg6DANCc1VisSqds-yhXtL2M/edit#gid=1642079178,https://docs.google.com/spreadsheets/d/1iClfgrC4QaJ7Wb00dPoeg6DANCc1VisSqds-yhXtL2M/export?format=csv&gid=1642079178,https://ca.finance.yahoo.com/quote/QUAL/
H_SCHB,History,SCHB,1078630250,https://docs.google.com/spreadsheets/d/1iClfgrC4QaJ7Wb00dPoeg6DANCc1VisSqds-yhXtL2M/edit#gid=1078630250,https://docs.google.com/spreadsheets/d/1iClfgrC4QaJ7Wb00dPoeg6DANCc1VisSqds-yhXtL2M/export?format=csv&gid=1078630250,https://ca.finance.yahoo.com/quote/SCHB/
H_SHY,History,SHY,1188592262,https://docs.google.com/spreadsheets/d/1iClfgrC4QaJ7Wb00dPoeg6DANCc1VisSqds-yhXtL2M/edit#gid=1188592262,https://docs.google.com/spreadsheets/d/1iClfgrC4QaJ7Wb00dPoeg6DANCc1VisSqds-yhXtL2M/export?format=csv&gid=1188592262,https://ca.finance.yahoo.com/quote/SHY/
H_SIZE,History,SIZE,164126503,https://docs.google.com/spreadsheets/d/1iClfgrC4QaJ7Wb00dPoeg6DANCc1VisSqds-yhXtL2M/edit#gid=164126503,https://docs.google.com/spreadsheets/d/1iClfgrC4QaJ7Wb00dPoeg6DANCc1VisSqds-yhXtL2M/export?format=csv&gid=164126503,https://ca.finance.yahoo.com/quote/SIZE/
H_SLV,History,SLV,919854523,https://docs.google.com/spreadsheets/d/1iClfgrC4QaJ7Wb00dPoeg6DANCc1VisSqds-yhXtL2M/edit#gid=919854523,https://docs.google.com/spreadsheets/d/1iClfgrC4QaJ7Wb00dPoeg6DANCc1VisSqds-yhXtL2M/export?format=csv&gid=919854523,https://ca.finance.yahoo.com/quote/SLV/
H_SMH,History,SMH,1027234662,https://docs.google.com/spreadsheets/d/1iClfgrC4QaJ7Wb00dPoeg6DANCc1VisSqds-yhXtL2M/edit#gid=1027234662,https://docs.google.com/spreadsheets/d/1iClfgrC4QaJ7Wb00dPoeg6DANCc1VisSqds-yhXtL2M/export?format=csv&gid=1027234662,https://ca.finance.yahoo.com/quote/SMH/
H_SOXX,History,SOXX,1742415158,https://docs.google.com/spreadsheets/d/1iClfgrC4QaJ7Wb00dPoeg6DANCc1VisSqds-yhXtL2M/edit#gid=1742415158,https://docs.google.com/spreadsheets/d/1iClfgrC4QaJ7Wb00dPoeg6DANCc1VisSqds-yhXtL2M/export?format=csv&gid=1742415158,https://ca.finance.yahoo.com/quote/SOXX/
H_SPY,History,SPY,280234361,https://docs.google.com/spreadsheets/d/1iClfgrC4QaJ7Wb00dPoeg6DANCc1VisSqds-yhXtL2M/edit#gid=280234361,https://docs.google.com/spreadsheets/d/1iClfgrC4QaJ7Wb00dPoeg6DANCc1VisSqds-yhXtL2M/export?format=csv&gid=280234361,https://ca.finance.yahoo.com/quote/SPY/
H_TIP,History,TIP,125275999,https://docs.google.com/spreadsheets/d/1iClfgrC4QaJ7Wb00dPoeg6DANCc1VisSqds-yhXtL2M/edit#gid=125275999,https://docs.google.com/spreadsheets/d/1iClfgrC4QaJ7Wb00dPoeg6DANCc1VisSqds-yhXtL2M/export?format=csv&gid=125275999,https://ca.finance.yahoo.com/quote/TIP/
H_TLT,History,TLT,50972328,https://docs.google.com/spreadsheets/d/1iClfgrC4QaJ7Wb00dPoeg6DANCc1VisSqds-yhXtL2M/edit#gid=50972328,https://docs.google.com/spreadsheets/d/1iClfgrC4QaJ7Wb00dPoeg6DANCc1VisSqds-yhXtL2M/export?format=csv&gid=50972328,https://ca.finance.yahoo.com/quote/TLT/
H_UNG,History,UNG,493644028,https://docs.google.com/spreadsheets/d/1iClfgrC4QaJ7Wb00dPoeg6DANCc1VisSqds-yhXtL2M/edit#gid=493644028,https://docs.google.com/spreadsheets/d/1iClfgrC4QaJ7Wb00dPoeg6DANCc1VisSqds-yhXtL2M/export?format=csv&gid=493644028,https://ca.finance.yahoo.com/quote/UNG/
H_USMV,History,USMV,451685901,https://docs.google.com/spreadsheets/d/1iClfgrC4QaJ7Wb00dPoeg6DANCc1VisSqds-yhXtL2M/edit#gid=451685901,https://docs.google.com/spreadsheets/d/1iClfgrC4QaJ7Wb00dPoeg6DANCc1VisSqds-yhXtL2M/export?format=csv&gid=451685901,https://ca.finance.yahoo.com/quote/USMV/
H_USO,History,USO,671332563,https://docs.google.com/spreadsheets/d/1iClfgrC4QaJ7Wb00dPoeg6DANCc1VisSqds-yhXtL2M/edit#gid=671332563,https://docs.google.com/spreadsheets/d/1iClfgrC4QaJ7Wb00dPoeg6DANCc1VisSqds-yhXtL2M/export?format=csv&gid=671332563,https://ca.finance.yahoo.com/quote/USO/
H_VAB,History,VAB,1719340910,https://docs.google.com/spreadsheets/d/1iClfgrC4QaJ7Wb00dPoeg6DANCc1VisSqds-yhXtL2M/edit#gid=1719340910,https://docs.google.com/spreadsheets/d/1iClfgrC4QaJ7Wb00dPoeg6DANCc1VisSqds-yhXtL2M/export?format=csv&gid=1719340910,https://ca.finance.yahoo.com/quote/VAB.TO/
H_VBAL,History,VBAL,1602486398,https://docs.google.com/spreadsheets/d/1iClfgrC4QaJ7Wb00dPoeg6DANCc1VisSqds-yhXtL2M/edit#gid=1602486398,https://docs.google.com/spreadsheets/d/1iClfgrC4QaJ7Wb00dPoeg6DANCc1VisSqds-yhXtL2M/export?format=csv&gid=1602486398,https://ca.finance.yahoo.com/quote/VBAL.TO/
H_VCE,History,VCE,2108601594,https://docs.google.com/spreadsheets/d/1iClfgrC4QaJ7Wb00dPoeg6DANCc1VisSqds-yhXtL2M/edit#gid=2108601594,https://docs.google.com/spreadsheets/d/1iClfgrC4QaJ7Wb00dPoeg6DANCc1VisSqds-yhXtL2M/export?format=csv&gid=2108601594,https://ca.finance.yahoo.com/quote/VCE.TO/
H_VCN,History,VCN,490192458,https://docs.google.com/spreadsheets/d/1iClfgrC4QaJ7Wb00dPoeg6DANCc1VisSqds-yhXtL2M/edit#gid=490192458,https://docs.google.com/spreadsheets/d/1iClfgrC4QaJ7Wb00dPoeg6DANCc1VisSqds-yhXtL2M/export?format=csv&gid=490192458,https://ca.finance.yahoo.com/quote/VCN.TO/
H_VDY,History,VDY,490310428,https://docs.google.com/spreadsheets/d/1iClfgrC4QaJ7Wb00dPoeg6DANCc1VisSqds-yhXtL2M/edit#gid=490310428,https://docs.google.com/spreadsheets/d/1iClfgrC4QaJ7Wb00dPoeg6DANCc1VisSqds-yhXtL2M/export?format=csv&gid=490310428,https://ca.finance.yahoo.com/quote/VDY.TO/
H_VEA,History,VEA,1931524832,https://docs.google.com/spreadsheets/d/1iClfgrC4QaJ7Wb00dPoeg6DANCc1VisSqds-yhXtL2M/edit#gid=1931524832,https://docs.google.com/spreadsheets/d/1iClfgrC4QaJ7Wb00dPoeg6DANCc1VisSqds-yhXtL2M/export?format=csv&gid=1931524832,https://ca.finance.yahoo.com/quote/VEA/
H_VEE,History,VEE,169072189,https://docs.google.com/spreadsheets/d/1iClfgrC4QaJ7Wb00dPoeg6DANCc1VisSqds-yhXtL2M/edit#gid=169072189,https://docs.google.com/spreadsheets/d/1iClfgrC4QaJ7Wb00dPoeg6DANCc1VisSqds-yhXtL2M/export?format=csv&gid=169072189,https://ca.finance.yahoo.com/quote/VEE.TO/
H_VEQT,History,VEQT,1751171801,https://docs.google.com/spreadsheets/d/1iClfgrC4QaJ7Wb00dPoeg6DANCc1VisSqds-yhXtL2M/edit#gid=1751171801,https://docs.google.com/spreadsheets/d/1iClfgrC4QaJ7Wb00dPoeg6DANCc1VisSqds-yhXtL2M/export?format=csv&gid=1751171801,https://ca.finance.yahoo.com/quote/VEQT.TO/
H_VFV,History,VFV,18930442,https://docs.google.com/spreadsheets/d/1iClfgrC4QaJ7Wb00dPoeg6DANCc1VisSqds-yhXtL2M/edit#gid=18930442,https://docs.google.com/spreadsheets/d/1iClfgrC4QaJ7Wb00dPoeg6DANCc1VisSqds-yhXtL2M/export?format=csv&gid=18930442,https://ca.finance.yahoo.com/quote/VFV.TO/
H_VGRO,History,VGRO,819713780,https://docs.google.com/spreadsheets/d/1iClfgrC4QaJ7Wb00dPoeg6DANCc1VisSqds-yhXtL2M/edit#gid=819713780,https://docs.google.com/spreadsheets/d/1iClfgrC4QaJ7Wb00dPoeg6DANCc1VisSqds-yhXtL2M/export?format=csv&gid=819713780,https://ca.finance.yahoo.com/quote/VGRO.TO/
H_VIU,History,VIU,1386351503,https://docs.google.com/spreadsheets/d/1iClfgrC4QaJ7Wb00dPoeg6DANCc1VisSqds-yhXtL2M/edit#gid=1386351503,https://docs.google.com/spreadsheets/d/1iClfgrC4QaJ7Wb00dPoeg6DANCc1VisSqds-yhXtL2M/export?format=csv&gid=1386351503,https://ca.finance.yahoo.com/quote/VIU.TO/
H_VLUE,History,VLUE,280662845,https://docs.google.com/spreadsheets/d/1iClfgrC4QaJ7Wb00dPoeg6DANCc1VisSqds-yhXtL2M/edit#gid=280662845,https://docs.google.com/spreadsheets/d/1iClfgrC4QaJ7Wb00dPoeg6DANCc1VisSqds-yhXtL2M/export?format=csv&gid=280662845,https://ca.finance.yahoo.com/quote/VLUE/
H_VNQ,History,VNQ,326566136,https://docs.google.com/spreadsheets/d/1iClfgrC4QaJ7Wb00dPoeg6DANCc1VisSqds-yhXtL2M/edit#gid=326566136,https://docs.google.com/spreadsheets/d/1iClfgrC4QaJ7Wb00dPoeg6DANCc1VisSqds-yhXtL2M/export?format=csv&gid=326566136,https://ca.finance.yahoo.com/quote/VNQ/
H_VOO,History,VOO,1615064695,https://docs.google.com/spreadsheets/d/1iClfgrC4QaJ7Wb00dPoeg6DANCc1VisSqds-yhXtL2M/edit#gid=1615064695,https://docs.google.com/spreadsheets/d/1iClfgrC4QaJ7Wb00dPoeg6DANCc1VisSqds-yhXtL2M/export?format=csv&gid=1615064695,https://ca.finance.yahoo.com/quote/VOO/
H_VTI,History,VTI,2053737170,https://docs.google.com/spreadsheets/d/1iClfgrC4QaJ7Wb00dPoeg6DANCc1VisSqds-yhXtL2M/edit#gid=2053737170,https://docs.google.com/spreadsheets/d/1iClfgrC4QaJ7Wb00dPoeg6DANCc1VisSqds-yhXtL2M/export?format=csv&gid=2053737170,https://ca.finance.yahoo.com/quote/VTI/
H_VTV,History,VTV,1128753302,https://docs.google.com/spreadsheets/d/1iClfgrC4QaJ7Wb00dPoeg6DANCc1VisSqds-yhXtL2M/edit#gid=1128753302,https://docs.google.com/spreadsheets/d/1iClfgrC4QaJ7Wb00dPoeg6DANCc1VisSqds-yhXtL2M/export?format=csv&gid=1128753302,https://ca.finance.yahoo.com/quote/VTV/
H_VUG,History,VUG,1622125637,https://docs.google.com/spreadsheets/d/1iClfgrC4QaJ7Wb00dPoeg6DANCc1VisSqds-yhXtL2M/edit#gid=1622125637,https://docs.google.com/spreadsheets/d/1iClfgrC4QaJ7Wb00dPoeg6DANCc1VisSqds-yhXtL2M/export?format=csv&gid=1622125637,https://ca.finance.yahoo.com/quote/VUG/
H_VUN,History,VUN,1644657595,https://docs.google.com/spreadsheets/d/1iClfgrC4QaJ7Wb00dPoeg6DANCc1VisSqds-yhXtL2M/edit#gid=1644657595,https://docs.google.com/spreadsheets/d/1iClfgrC4QaJ7Wb00dPoeg6DANCc1VisSqds-yhXtL2M/export?format=csv&gid=1644657595,https://ca.finance.yahoo.com/quote/VUN.TO/
H_VWO,History,VWO,958738390,https://docs.google.com/spreadsheets/d/1iClfgrC4QaJ7Wb00dPoeg6DANCc1VisSqds-yhXtL2M/edit#gid=958738390,https://docs.google.com/spreadsheets/d/1iClfgrC4QaJ7Wb00dPoeg6DANCc1VisSqds-yhXtL2M/export?format=csv&gid=958738390,https://ca.finance.yahoo.com/quote/VWO/
H_VXC,History,VXC,642659507,https://docs.google.com/spreadsheets/d/1iClfgrC4QaJ7Wb00dPoeg6DANCc1VisSqds-yhXtL2M/edit#gid=642659507,https://docs.google.com/spreadsheets/d/1iClfgrC4QaJ7Wb00dPoeg6DANCc1VisSqds-yhXtL2M/export?format=csv&gid=642659507,https://ca.finance.yahoo.com/quote/VXC.TO/
H_XAW,History,XAW,739571541,https://docs.google.com/spreadsheets/d/1iClfgrC4QaJ7Wb00dPoeg6DANCc1VisSqds-yhXtL2M/edit#gid=739571541,https://docs.google.com/spreadsheets/d/1iClfgrC4QaJ7Wb00dPoeg6DANCc1VisSqds-yhXtL2M/export?format=csv&gid=739571541,https://ca.finance.yahoo.com/quote/XAW.TO/
H_XBAL,History,XBAL,938694138,https://docs.google.com/spreadsheets/d/1iClfgrC4QaJ7Wb00dPoeg6DANCc1VisSqds-yhXtL2M/edit#gid=938694138,https://docs.google.com/spreadsheets/d/1iClfgrC4QaJ7Wb00dPoeg6DANCc1VisSqds-yhXtL2M/export?format=csv&gid=938694138,https://ca.finance.yahoo.com/quote/XBAL.TO/
H_XBB,History,XBB,1106849293,https://docs.google.com/spreadsheets/d/1iClfgrC4QaJ7Wb00dPoeg6DANCc1VisSqds-yhXtL2M/edit#gid=1106849293,https://docs.google.com/spreadsheets/d/1iClfgrC4QaJ7Wb00dPoeg6DANCc1VisSqds-yhXtL2M/export?format=csv&gid=1106849293,https://ca.finance.yahoo.com/quote/XBB.TO/
H_XBI,History,XBI,1880871022,https://docs.google.com/spreadsheets/d/1iClfgrC4QaJ7Wb00dPoeg6DANCc1VisSqds-yhXtL2M/edit#gid=1880871022,https://docs.google.com/spreadsheets/d/1iClfgrC4QaJ7Wb00dPoeg6DANCc1VisSqds-yhXtL2M/export?format=csv&gid=1880871022,https://ca.finance.yahoo.com/quote/XBI/
H_XDV,History,XDV,539635132,https://docs.google.com/spreadsheets/d/1iClfgrC4QaJ7Wb00dPoeg6DANCc1VisSqds-yhXtL2M/edit#gid=539635132,https://docs.google.com/spreadsheets/d/1iClfgrC4QaJ7Wb00dPoeg6DANCc1VisSqds-yhXtL2M/export?format=csv&gid=539635132,https://ca.finance.yahoo.com/quote/XDV.TO/
H_XEC,History,XEC,1858846174,https://docs.google.com/spreadsheets/d/1iClfgrC4QaJ7Wb00dPoeg6DANCc1VisSqds-yhXtL2M/edit#gid=1858846174,https://docs.google.com/spreadsheets/d/1iClfgrC4QaJ7Wb00dPoeg6DANCc1VisSqds-yhXtL2M/export?format=csv&gid=1858846174,https://ca.finance.yahoo.com/quote/XEC.TO/
H_XEF,History,XEF,1620988698,https://docs.google.com/spreadsheets/d/1iClfgrC4QaJ7Wb00dPoeg6DANCc1VisSqds-yhXtL2M/edit#gid=1620988698,https://docs.google.com/spreadsheets/d/1iClfgrC4QaJ7Wb00dPoeg6DANCc1VisSqds-yhXtL2M/export?format=csv&gid=1620988698,https://ca.finance.yahoo.com/quote/XEF.TO/
H_XEG,History,XEG,692550460,https://docs.google.com/spreadsheets/d/1iClfgrC4QaJ7Wb00dPoeg6DANCc1VisSqds-yhXtL2M/edit#gid=692550460,https://docs.google.com/spreadsheets/d/1iClfgrC4QaJ7Wb00dPoeg6DANCc1VisSqds-yhXtL2M/export?format=csv&gid=692550460,https://ca.finance.yahoo.com/quote/XEG.TO/
H_XEI,History,XEI,1159002640,https://docs.google.com/spreadsheets/d/1iClfgrC4QaJ7Wb00dPoeg6DANCc1VisSqds-yhXtL2M/edit#gid=1159002640,https://docs.google.com/spreadsheets/d/1iClfgrC4QaJ7Wb00dPoeg6DANCc1VisSqds-yhXtL2M/export?format=csv&gid=1159002640,https://ca.finance.yahoo.com/quote/XEI.TO/
H_XEQT,History,XEQT,299186508,https://docs.google.com/spreadsheets/d/1iClfgrC4QaJ7Wb00dPoeg6DANCc1VisSqds-yhXtL2M/edit#gid=299186508,https://docs.google.com/spreadsheets/d/1iClfgrC4QaJ7Wb00dPoeg6DANCc1VisSqds-yhXtL2M/export?format=csv&gid=299186508,https://ca.finance.yahoo.com/quote/XEQT.TO/
H_XFN,History,XFN,618766598,https://docs.google.com/spreadsheets/d/1iClfgrC4QaJ7Wb00dPoeg6DANCc1VisSqds-yhXtL2M/edit#gid=618766598,https://docs.google.com/spreadsheets/d/1iClfgrC4QaJ7Wb00dPoeg6DANCc1VisSqds-yhXtL2M/export?format=csv&gid=618766598,https://ca.finance.yahoo.com/quote/XFN.TO/
H_XGB,History,XGB,161495085,https://docs.google.com/spreadsheets/d/1iClfgrC4QaJ7Wb00dPoeg6DANCc1VisSqds-yhXtL2M/edit#gid=161495085,https://docs.google.com/spreadsheets/d/1iClfgrC4QaJ7Wb00dPoeg6DANCc1VisSqds-yhXtL2M/export?format=csv&gid=161495085,https://ca.finance.yahoo.com/quote/XGB.TO/
H_XGRO,History,XGRO,482137396,https://docs.google.com/spreadsheets/d/1iClfgrC4QaJ7Wb00dPoeg6DANCc1VisSqds-yhXtL2M/edit#gid=482137396,https://docs.google.com/spreadsheets/d/1iClfgrC4QaJ7Wb00dPoeg6DANCc1VisSqds-yhXtL2M/export?format=csv&gid=482137396,https://ca.finance.yahoo.com/quote/XGRO.TO/
H_XIC,History,XIC,1868552299,https://docs.google.com/spreadsheets/d/1iClfgrC4QaJ7Wb00dPoeg6DANCc1VisSqds-yhXtL2M/edit#gid=1868552299,https://docs.google.com/spreadsheets/d/1iClfgrC4QaJ7Wb00dPoeg6DANCc1VisSqds-yhXtL2M/export?format=csv&gid=1868552299,https://ca.finance.yahoo.com/quote/XIC.TO/
H_XIT,History,XIT,1218002365,https://docs.google.com/spreadsheets/d/1iClfgrC4QaJ7Wb00dPoeg6DANCc1VisSqds-yhXtL2M/edit#gid=1218002365,https://docs.google.com/spreadsheets/d/1iClfgrC4QaJ7Wb00dPoeg6DANCc1VisSqds-yhXtL2M/export?format=csv&gid=1218002365,https://ca.finance.yahoo.com/quote/XIT.TO/
H_XIU,History,XIU,1860564562,https://docs.google.com/spreadsheets/d/1iClfgrC4QaJ7Wb00dPoeg6DANCc1VisSqds-yhXtL2M/edit#gid=1860564562,https://docs.google.com/spreadsheets/d/1iClfgrC4QaJ7Wb00dPoeg6DANCc1VisSqds-yhXtL2M/export?format=csv&gid=1860564562,https://ca.finance.yahoo.com/quote/XIU.TO/
H_XLB,History,XLB,1899647508,https://docs.google.com/spreadsheets/d/1iClfgrC4QaJ7Wb00dPoeg6DANCc1VisSqds-yhXtL2M/edit#gid=1899647508,https://docs.google.com/spreadsheets/d/1iClfgrC4QaJ7Wb00dPoeg6DANCc1VisSqds-yhXtL2M/export?format=csv&gid=1899647508,https://ca.finance.yahoo.com/quote/XLB.TO/
H_XLC,History,XLC,1436423205,https://docs.google.com/spreadsheets/d/1iClfgrC4QaJ7Wb00dPoeg6DANCc1VisSqds-yhXtL2M/edit#gid=1436423205,https://docs.google.com/spreadsheets/d/1iClfgrC4QaJ7Wb00dPoeg6DANCc1VisSqds-yhXtL2M/export?format=csv&gid=1436423205,https://ca.finance.yahoo.com/quote/XLC/
H_XLE,History,XLE,855250579,https://docs.google.com/spreadsheets/d/1iClfgrC4QaJ7Wb00dPoeg6DANCc1VisSqds-yhXtL2M/edit#gid=855250579,https://docs.google.com/spreadsheets/d/1iClfgrC4QaJ7Wb00dPoeg6DANCc1VisSqds-yhXtL2M/export?format=csv&gid=855250579,https://ca.finance.yahoo.com/quote/XLE/
H_XLF,History,XLF,1615402573,https://docs.google.com/spreadsheets/d/1iClfgrC4QaJ7Wb00dPoeg6DANCc1VisSqds-yhXtL2M/edit#gid=1615402573,https://docs.google.com/spreadsheets/d/1iClfgrC4QaJ7Wb00dPoeg6DANCc1VisSqds-yhXtL2M/export?format=csv&gid=1615402573,https://ca.finance.yahoo.com/quote/XLF/
H_XLI,History,XLI,862224954,https://docs.google.com/spreadsheets/d/1iClfgrC4QaJ7Wb00dPoeg6DANCc1VisSqds-yhXtL2M/edit#gid=862224954,https://docs.google.com/spreadsheets/d/1iClfgrC4QaJ7Wb00dPoeg6DANCc1VisSqds-yhXtL2M/export?format=csv&gid=862224954,https://ca.finance.yahoo.com/quote/XLI/
H_XLK,History,XLK,467093436,https://docs.google.com/spreadsheets/d/1iClfgrC4QaJ7Wb00dPoeg6DANCc1VisSqds-yhXtL2M/edit#gid=467093436,https://docs.google.com/spreadsheets/d/1iClfgrC4QaJ7Wb00dPoeg6DANCc1VisSqds-yhXtL2M/export?format=csv&gid=467093436,https://ca.finance.yahoo.com/quote/XLK/
H_XLP,History,XLP,862588411,https://docs.google.com/spreadsheets/d/1iClfgrC4QaJ7Wb00dPoeg6DANCc1VisSqds-yhXtL2M/edit#gid=862588411,https://docs.google.com/spreadsheets/d/1iClfgrC4QaJ7Wb00dPoeg6DANCc1VisSqds-yhXtL2M/export?format=csv&gid=862588411,https://ca.finance.yahoo.com/quote/XLP/
H_XLRE,History,XLRE,1832194877,https://docs.google.com/spreadsheets/d/1iClfgrC4QaJ7Wb00dPoeg6DANCc1VisSqds-yhXtL2M/edit#gid=1832194877,https://docs.google.com/spreadsheets/d/1iClfgrC4QaJ7Wb00dPoeg6DANCc1VisSqds-yhXtL2M/export?format=csv&gid=1832194877,https://ca.finance.yahoo.com/quote/XLRE/
H_XLU,History,XLU,717687947,https://docs.google.com/spreadsheets/d/1iClfgrC4QaJ7Wb00dPoeg6DANCc1VisSqds-yhXtL2M/edit#gid=717687947,https://docs.google.com/spreadsheets/d/1iClfgrC4QaJ7Wb00dPoeg6DANCc1VisSqds-yhXtL2M/export?format=csv&gid=717687947,https://ca.finance.yahoo.com/quote/XLU/
H_XLV,History,XLV,812873156,https://docs.google.com/spreadsheets/d/1iClfgrC4QaJ7Wb00dPoeg6DANCc1VisSqds-yhXtL2M/edit#gid=812873156,https://docs.google.com/spreadsheets/d/1iClfgrC4QaJ7Wb00dPoeg6DANCc1VisSqds-yhXtL2M/export?format=csv&gid=812873156,https://ca.finance.yahoo.com/quote/XLV/
H_XLY,History,XLY,444636055,https://docs.google.com/spreadsheets/d/1iClfgrC4QaJ7Wb00dPoeg6DANCc1VisSqds-yhXtL2M/edit#gid=444636055,https://docs.google.com/spreadsheets/d/1iClfgrC4QaJ7Wb00dPoeg6DANCc1VisSqds-yhXtL2M/export?format=csv&gid=444636055,https://ca.finance.yahoo.com/quote/XLY/
H_XME,History,XME,1340967085,https://docs.google.com/spreadsheets/d/1iClfgrC4QaJ7Wb00dPoeg6DANCc1VisSqds-yhXtL2M/edit#gid=1340967085,https://docs.google.com/spreadsheets/d/1iClfgrC4QaJ7Wb00dPoeg6DANCc1VisSqds-yhXtL2M/export?format=csv&gid=1340967085,https://ca.finance.yahoo.com/quote/XME/
H_XQQ,History,XQQ,755514274,https://docs.google.com/spreadsheets/d/1iClfgrC4QaJ7Wb00dPoeg6DANCc1VisSqds-yhXtL2M/edit#gid=755514274,https://docs.google.com/spreadsheets/d/1iClfgrC4QaJ7Wb00dPoeg6DANCc1VisSqds-yhXtL2M/export?format=csv&gid=755514274,https://ca.finance.yahoo.com/quote/XQQ.TO/
H_XRB,History,XRB,1937260279,https://docs.google.com/spreadsheets/d/1iClfgrC4QaJ7Wb00dPoeg6DANCc1VisSqds-yhXtL2M/edit#gid=1937260279,https://docs.google.com/spreadsheets/d/1iClfgrC4QaJ7Wb00dPoeg6DANCc1VisSqds-yhXtL2M/export?format=csv&gid=1937260279,https://ca.finance.yahoo.com/quote/XRB.TO/
H_XRE,History,XRE,346636369,https://docs.google.com/spreadsheets/d/1iClfgrC4QaJ7Wb00dPoeg6DANCc1VisSqds-yhXtL2M/edit#gid=346636369,https://docs.google.com/spreadsheets/d/1iClfgrC4QaJ7Wb00dPoeg6DANCc1VisSqds-yhXtL2M/export?format=csv&gid=346636369,https://ca.finance.yahoo.com/quote/XRE.TO/
H_XSB,History,XSB,600245783,https://docs.google.com/spreadsheets/d/1iClfgrC4QaJ7Wb00dPoeg6DANCc1VisSqds-yhXtL2M/edit#gid=600245783,https://docs.google.com/spreadsheets/d/1iClfgrC4QaJ7Wb00dPoeg6DANCc1VisSqds-yhXtL2M/export?format=csv&gid=600245783,https://ca.finance.yahoo.com/quote/XSB.TO/
H_XSH,History,XSH,419241368,https://docs.google.com/spreadsheets/d/1iClfgrC4QaJ7Wb00dPoeg6DANCc1VisSqds-yhXtL2M/edit#gid=419241368,https://docs.google.com/spreadsheets/d/1iClfgrC4QaJ7Wb00dPoeg6DANCc1VisSqds-yhXtL2M/export?format=csv&gid=419241368,https://ca.finance.yahoo.com/quote/XSH.TO/
H_XUS,History,XUS,892063102,https://docs.google.com/spreadsheets/d/1iClfgrC4QaJ7Wb00dPoeg6DANCc1VisSqds-yhXtL2M/edit#gid=892063102,https://docs.google.com/spreadsheets/d/1iClfgrC4QaJ7Wb00dPoeg6DANCc1VisSqds-yhXtL2M/export?format=csv&gid=892063102,https://ca.finance.yahoo.com/quote/XUS.TO/
H_XUU,History,XUU,473336820,https://docs.google.com/spreadsheets/d/1iClfgrC4QaJ7Wb00dPoeg6DANCc1VisSqds-yhXtL2M/edit#gid=473336820,https://docs.google.com/spreadsheets/d/1iClfgrC4QaJ7Wb00dPoeg6DANCc1VisSqds-yhXtL2M/export?format=csv&gid=473336820,https://ca.finance.yahoo.com/quote/XUU.TO/
H_ZAG,History,ZAG,1790354500,https://docs.google.com/spreadsheets/d/1iClfgrC4QaJ7Wb00dPoeg6DANCc1VisSqds-yhXtL2M/edit#gid=1790354500,https://docs.google.com/spreadsheets/d/1iClfgrC4QaJ7Wb00dPoeg6DANCc1VisSqds-yhXtL2M/export?format=csv&gid=1790354500,https://ca.finance.yahoo.com/quote/ZAG.TO/
H_ZBAL,History,ZBAL,1911151256,https://docs.google.com/spreadsheets/d/1iClfgrC4QaJ7Wb00dPoeg6DANCc1VisSqds-yhXtL2M/edit#gid=1911151256,https://docs.google.com/spreadsheets/d/1iClfgrC4QaJ7Wb00dPoeg6DANCc1VisSqds-yhXtL2M/export?format=csv&gid=1911151256,https://ca.finance.yahoo.com/quote/ZBAL.TO/
H_ZCM,History,ZCM,847454690,https://docs.google.com/spreadsheets/d/1iClfgrC4QaJ7Wb00dPoeg6DANCc1VisSqds-yhXtL2M/edit#gid=847454690,https://docs.google.com/spreadsheets/d/1iClfgrC4QaJ7Wb00dPoeg6DANCc1VisSqds-yhXtL2M/export?format=csv&gid=847454690,https://ca.finance.yahoo.com/quote/ZCM.TO/
H_ZCN,History,ZCN,1187408581,https://docs.google.com/spreadsheets/d/1iClfgrC4QaJ7Wb00dPoeg6DANCc1VisSqds-yhXtL2M/edit#gid=1187408581,https://docs.google.com/spreadsheets/d/1iClfgrC4QaJ7Wb00dPoeg6DANCc1VisSqds-yhXtL2M/export?format=csv&gid=1187408581,https://ca.finance.yahoo.com/quote/ZCN.TO/
H_ZCS,History,ZCS,1063643078,https://docs.google.com/spreadsheets/d/1iClfgrC4QaJ7Wb00dPoeg6DANCc1VisSqds-yhXtL2M/edit#gid=1063643078,https://docs.google.com/spreadsheets/d/1iClfgrC4QaJ7Wb00dPoeg6DANCc1VisSqds-yhXtL2M/export?format=csv&gid=1063643078,https://ca.finance.yahoo.com/quote/ZCS.TO/
H_ZDB,History,ZDB,1506609990,https://docs.google.com/spreadsheets/d/1iClfgrC4QaJ7Wb00dPoeg6DANCc1VisSqds-yhXtL2M/edit#gid=1506609990,https://docs.google.com/spreadsheets/d/1iClfgrC4QaJ7Wb00dPoeg6DANCc1VisSqds-yhXtL2M/export?format=csv&gid=1506609990,https://ca.finance.yahoo.com/quote/ZDB.TO/
H_ZDV,History,ZDV,144274135,https://docs.google.com/spreadsheets/d/1iClfgrC4QaJ7Wb00dPoeg6DANCc1VisSqds-yhXtL2M/edit#gid=144274135,https://docs.google.com/spreadsheets/d/1iClfgrC4QaJ7Wb00dPoeg6DANCc1VisSqds-yhXtL2M/export?format=csv&gid=144274135,https://ca.finance.yahoo.com/quote/ZDV.TO/
H_ZEA,History,ZEA,351132337,https://docs.google.com/spreadsheets/d/1iClfgrC4QaJ7Wb00dPoeg6DANCc1VisSqds-yhXtL2M/edit#gid=351132337,https://docs.google.com/spreadsheets/d/1iClfgrC4QaJ7Wb00dPoeg6DANCc1VisSqds-yhXtL2M/export?format=csv&gid=351132337,https://ca.finance.yahoo.com/quote/ZEA.TO/
H_ZEB,History,ZEB,468029230,https://docs.google.com/spreadsheets/d/1iClfgrC4QaJ7Wb00dPoeg6DANCc1VisSqds-yhXtL2M/edit#gid=468029230,https://docs.google.com/spreadsheets/d/1iClfgrC4QaJ7Wb00dPoeg6DANCc1VisSqds-yhXtL2M/export?format=csv&gid=468029230,https://ca.finance.yahoo.com/quote/ZEB.TO/
H_ZEM,History,ZEM,382936466,https://docs.google.com/spreadsheets/d/1iClfgrC4QaJ7Wb00dPoeg6DANCc1VisSqds-yhXtL2M/edit#gid=382936466,https://docs.google.com/spreadsheets/d/1iClfgrC4QaJ7Wb00dPoeg6DANCc1VisSqds-yhXtL2M/export?format=csv&gid=382936466,https://ca.finance.yahoo.com/quote/ZEM.TO/
H_ZEO,History,ZEO,378759336,https://docs.google.com/spreadsheets/d/1iClfgrC4QaJ7Wb00dPoeg6DANCc1VisSqds-yhXtL2M/edit#gid=378759336,https://docs.google.com/spreadsheets/d/1iClfgrC4QaJ7Wb00dPoeg6DANCc1VisSqds-yhXtL2M/export?format=csv&gid=378759336,https://ca.finance.yahoo.com/quote/ZEO.TO/
H_ZEQT,History,ZEQT,430163899,https://docs.google.com/spreadsheets/d/1iClfgrC4QaJ7Wb00dPoeg6DANCc1VisSqds-yhXtL2M/edit#gid=430163899,https://docs.google.com/spreadsheets/d/1iClfgrC4QaJ7Wb00dPoeg6DANCc1VisSqds-yhXtL2M/export?format=csv&gid=430163899,https://ca.finance.yahoo.com/quote/ZEQT.TO/
H_ZFL,History,ZFL,1464490456,https://docs.google.com/spreadsheets/d/1iClfgrC4QaJ7Wb00dPoeg6DANCc1VisSqds-yhXtL2M/edit#gid=1464490456,https://docs.google.com/spreadsheets/d/1iClfgrC4QaJ7Wb00dPoeg6DANCc1VisSqds-yhXtL2M/export?format=csv&gid=1464490456,https://ca.finance.yahoo.com/quote/ZFL.TO/
H_ZGRO,History,ZGRO,1149753576,https://docs.google.com/spreadsheets/d/1iClfgrC4QaJ7Wb00dPoeg6DANCc1VisSqds-yhXtL2M/edit#gid=1149753576,https://docs.google.com/spreadsheets/d/1iClfgrC4QaJ7Wb00dPoeg6DANCc1VisSqds-yhXtL2M/export?format=csv&gid=1149753576,https://ca.finance.yahoo.com/quote/ZGRO.TO/
H_ZLB,History,ZLB,1964100491,https://docs.google.com/spreadsheets/d/1iClfgrC4QaJ7Wb00dPoeg6DANCc1VisSqds-yhXtL2M/edit#gid=1964100491,https://docs.google.com/spreadsheets/d/1iClfgrC4QaJ7Wb00dPoeg6DANCc1VisSqds-yhXtL2M/export?format=csv&gid=1964100491,https://ca.finance.yahoo.com/quote/ZLB/
H_ZLC,History,ZLC,486570808,https://docs.google.com/spreadsheets/d/1iClfgrC4QaJ7Wb00dPoeg6DANCc1VisSqds-yhXtL2M/edit#gid=486570808,https://docs.google.com/spreadsheets/d/1iClfgrC4QaJ7Wb00dPoeg6DANCc1VisSqds-yhXtL2M/export?format=csv&gid=486570808,https://ca.finance.yahoo.com/quote/ZLC.TO/
H_ZLU,History,ZLU,475952838,https://docs.google.com/spreadsheets/d/1iClfgrC4QaJ7Wb00dPoeg6DANCc1VisSqds-yhXtL2M/edit#gid=475952838,https://docs.google.com/spreadsheets/d/1iClfgrC4QaJ7Wb00dPoeg6DANCc1VisSqds-yhXtL2M/export?format=csv&gid=475952838,https://ca.finance.yahoo.com/quote/ZLU/
H_ZQQ,History,ZQQ,618275073,https://docs.google.com/spreadsheets/d/1iClfgrC4QaJ7Wb00dPoeg6DANCc1VisSqds-yhXtL2M/edit#gid=618275073,https://docs.google.com/spreadsheets/d/1iClfgrC4QaJ7Wb00dPoeg6DANCc1VisSqds-yhXtL2M/export?format=csv&gid=618275073,https://ca.finance.yahoo.com/quote/ZQQ.TO/
H_ZRE,History,ZRE,1593445261,https://docs.google.com/spreadsheets/d/1iClfgrC4QaJ7Wb00dPoeg6DANCc1VisSqds-yhXtL2M/edit#gid=1593445261,https://docs.google.com/spreadsheets/d/1iClfgrC4QaJ7Wb00dPoeg6DANCc1VisSqds-yhXtL2M/export?format=csv&gid=1593445261,https://ca.finance.yahoo.com/quote/ZRE.TO/
H_ZSP,History,ZSP,625725810,https://docs.google.com/spreadsheets/d/1iClfgrC4QaJ7Wb00dPoeg6DANCc1VisSqds-yhXtL2M/edit#gid=625725810,https://docs.google.com/spreadsheets/d/1iClfgrC4QaJ7Wb00dPoeg6DANCc1VisSqds-yhXtL2M/export?format=csv&gid=625725810,https://ca.finance.yahoo.com/quote/ZSP.TO/
H_ZUE,History,ZUE,691450943,https://docs.google.com/spreadsheets/d/1iClfgrC4QaJ7Wb00dPoeg6DANCc1VisSqds-yhXtL2M/edit#gid=691450943,https://docs.google.com/spreadsheets/d/1iClfgrC4QaJ7Wb00dPoeg6DANCc1VisSqds-yhXtL2M/export?format=csv&gid=691450943,https://ca.finance.yahoo.com/quote/ZUE.TO/
TA_^DJI,TA,^DJI,620228567,https://docs.google.com/spreadsheets/d/1iClfgrC4QaJ7Wb00dPoeg6DANCc1VisSqds-yhXtL2M/edit#gid=620228567,https://docs.google.com/spreadsheets/d/1iClfgrC4QaJ7Wb00dPoeg6DANCc1VisSqds-yhXtL2M/export?format=csv&gid=620228567,https://ca.finance.yahoo.com/quote/%5EDJI/
TA_^FTSE,TA,^FTSE,63153901,https://docs.google.com/spreadsheets/d/1iClfgrC4QaJ7Wb00dPoeg6DANCc1VisSqds-yhXtL2M/edit#gid=63153901,https://docs.google.com/spreadsheets/d/1iClfgrC4QaJ7Wb00dPoeg6DANCc1VisSqds-yhXtL2M/export?format=csv&gid=63153901,https://ca.finance.yahoo.com/quote/%5EFTSE/
TA_^GSPC,TA,^GSPC,1427404895,https://docs.google.com/spreadsheets/d/1iClfgrC4QaJ7Wb00dPoeg6DANCc1VisSqds-yhXtL2M/edit#gid=1427404895,https://docs.google.com/spreadsheets/d/1iClfgrC4QaJ7Wb00dPoeg6DANCc1VisSqds-yhXtL2M/export?format=csv&gid=1427404895,https://ca.finance.yahoo.com/quote/%5EGSPC/
TA_^GSPTSE,TA,^GSPTSE,356188542,https://docs.google.com/spreadsheets/d/1iClfgrC4QaJ7Wb00dPoeg6DANCc1VisSqds-yhXtL2M/edit#gid=356188542,https://docs.google.com/spreadsheets/d/1iClfgrC4QaJ7Wb00dPoeg6DANCc1VisSqds-yhXtL2M/export?format=csv&gid=356188542,https://ca.finance.yahoo.com/quote/%5EGSPTSE/
TA_^NDX,TA,^NDX,890483229,https://docs.google.com/spreadsheets/d/1iClfgrC4QaJ7Wb00dPoeg6DANCc1VisSqds-yhXtL2M/edit#gid=890483229,https://docs.google.com/spreadsheets/d/1iClfgrC4QaJ7Wb00dPoeg6DANCc1VisSqds-yhXtL2M/export?format=csv&gid=890483229,https://ca.finance.yahoo.com/quote/%5ENDX/
TA_^RUT,TA,^RUT,591068266,https://docs.google.com/spreadsheets/d/1iClfgrC4QaJ7Wb00dPoeg6DANCc1VisSqds-yhXtL2M/edit#gid=591068266,https://docs.google.com/spreadsheets/d/1iClfgrC4QaJ7Wb00dPoeg6DANCc1VisSqds-yhXtL2M/export?format=csv&gid=591068266,https://ca.finance.yahoo.com/quote/%5ERUT/
TA_^STOXX50E,TA,^STOXX50E,201617623,https://docs.google.com/spreadsheets/d/1iClfgrC4QaJ7Wb00dPoeg6DANCc1VisSqds-yhXtL2M/edit#gid=201617623,https://docs.google.com/spreadsheets/d/1iClfgrC4QaJ7Wb00dPoeg6DANCc1VisSqds-yhXtL2M/export?format=csv&gid=201617623,https://ca.finance.yahoo.com/quote/%5ESTOXX50E/
TA_^VIX,TA,^VIX,719889480,https://docs.google.com/spreadsheets/d/1iClfgrC4QaJ7Wb00dPoeg6DANCc1VisSqds-yhXtL2M/edit#gid=719889480,https://docs.google.com/spreadsheets/d/1iClfgrC4QaJ7Wb00dPoeg6DANCc1VisSqds-yhXtL2M/export?format=csv&gid=719889480,https://ca.finance.yahoo.com/quote/%5EVIX/
TA_ACWI,TA,ACWI,1393030024,https://docs.google.com/spreadsheets/d/1iClfgrC4QaJ7Wb00dPoeg6DANCc1VisSqds-yhXtL2M/edit#gid=1393030024,https://docs.google.com/spreadsheets/d/1iClfgrC4QaJ7Wb00dPoeg6DANCc1VisSqds-yhXtL2M/export?format=csv&gid=1393030024,https://ca.finance.yahoo.com/quote/ACWI/
TA_ACWX,TA,ACWX,1858924594,https://docs.google.com/spreadsheets/d/1iClfgrC4QaJ7Wb00dPoeg6DANCc1VisSqds-yhXtL2M/edit#gid=1858924594,https://docs.google.com/spreadsheets/d/1iClfgrC4QaJ7Wb00dPoeg6DANCc1VisSqds-yhXtL2M/export?format=csv&gid=1858924594,https://ca.finance.yahoo.com/quote/ACWX/
TA_AGG,TA,AGG,222280437,https://docs.google.com/spreadsheets/d/1iClfgrC4QaJ7Wb00dPoeg6DANCc1VisSqds-yhXtL2M/edit#gid=222280437,https://docs.google.com/spreadsheets/d/1iClfgrC4QaJ7Wb00dPoeg6DANCc1VisSqds-yhXtL2M/export?format=csv&gid=222280437,https://ca.finance.yahoo.com/quote/AGG/
TA_BND,TA,BND,1935607610,https://docs.google.com/spreadsheets/d/1iClfgrC4QaJ7Wb00dPoeg6DANCc1VisSqds-yhXtL2M/edit#gid=1935607610,https://docs.google.com/spreadsheets/d/1iClfgrC4QaJ7Wb00dPoeg6DANCc1VisSqds-yhXtL2M/export?format=csv&gid=1935607610,https://ca.finance.yahoo.com/quote/BND/
TA_CGL,TA,CGL,1277888432,https://docs.google.com/spreadsheets/d/1iClfgrC4QaJ7Wb00dPoeg6DANCc1VisSqds-yhXtL2M/edit#gid=1277888432,https://docs.google.com/spreadsheets/d/1iClfgrC4QaJ7Wb00dPoeg6DANCc1VisSqds-yhXtL2M/export?format=csv&gid=1277888432,https://ca.finance.yahoo.com/quote/CGL.TO/
TA_CGL.C,TA,CGL.C,2135793288,https://docs.google.com/spreadsheets/d/1iClfgrC4QaJ7Wb00dPoeg6DANCc1VisSqds-yhXtL2M/edit#gid=2135793288,https://docs.google.com/spreadsheets/d/1iClfgrC4QaJ7Wb00dPoeg6DANCc1VisSqds-yhXtL2M/export?format=csv&gid=2135793288,https://ca.finance.yahoo.com/quote/CGL-C.TO/
TA_DBC,TA,DBC,20291356,https://docs.google.com/spreadsheets/d/1iClfgrC4QaJ7Wb00dPoeg6DANCc1VisSqds-yhXtL2M/edit#gid=20291356,https://docs.google.com/spreadsheets/d/1iClfgrC4QaJ7Wb00dPoeg6DANCc1VisSqds-yhXtL2M/export?format=csv&gid=20291356,https://ca.finance.yahoo.com/quote/DBC/
TA_DIA,TA,DIA,1858019013,https://docs.google.com/spreadsheets/d/1iClfgrC4QaJ7Wb00dPoeg6DANCc1VisSqds-yhXtL2M/edit#gid=1858019013,https://docs.google.com/spreadsheets/d/1iClfgrC4QaJ7Wb00dPoeg6DANCc1VisSqds-yhXtL2M/export?format=csv&gid=1858019013,https://ca.finance.yahoo.com/quote/DIA/
TA_EEM,TA,EEM,811225784,https://docs.google.com/spreadsheets/d/1iClfgrC4QaJ7Wb00dPoeg6DANCc1VisSqds-yhXtL2M/edit#gid=811225784,https://docs.google.com/spreadsheets/d/1iClfgrC4QaJ7Wb00dPoeg6DANCc1VisSqds-yhXtL2M/export?format=csv&gid=811225784,https://ca.finance.yahoo.com/quote/EEM/
TA_EFA,TA,EFA,391020706,https://docs.google.com/spreadsheets/d/1iClfgrC4QaJ7Wb00dPoeg6DANCc1VisSqds-yhXtL2M/edit#gid=391020706,https://docs.google.com/spreadsheets/d/1iClfgrC4QaJ7Wb00dPoeg6DANCc1VisSqds-yhXtL2M/export?format=csv&gid=391020706,https://ca.finance.yahoo.com/quote/EFA/
TA_GLD,TA,GLD,1096137862,https://docs.google.com/spreadsheets/d/1iClfgrC4QaJ7Wb00dPoeg6DANCc1VisSqds-yhXtL2M/edit#gid=1096137862,https://docs.google.com/spreadsheets/d/1iClfgrC4QaJ7Wb00dPoeg6DANCc1VisSqds-yhXtL2M/export?format=csv&gid=1096137862,https://ca.finance.yahoo.com/quote/GLD/
TA_HXQ,TA,HXQ,887280080,https://docs.google.com/spreadsheets/d/1iClfgrC4QaJ7Wb00dPoeg6DANCc1VisSqds-yhXtL2M/edit#gid=887280080,https://docs.google.com/spreadsheets/d/1iClfgrC4QaJ7Wb00dPoeg6DANCc1VisSqds-yhXtL2M/export?format=csv&gid=887280080,https://ca.finance.yahoo.com/quote/HXQ.TO/
TA_HXT,TA,HXT,971191827,https://docs.google.com/spreadsheets/d/1iClfgrC4QaJ7Wb00dPoeg6DANCc1VisSqds-yhXtL2M/edit#gid=971191827,https://docs.google.com/spreadsheets/d/1iClfgrC4QaJ7Wb00dPoeg6DANCc1VisSqds-yhXtL2M/export?format=csv&gid=971191827,https://ca.finance.yahoo.com/quote/HXT.TO/
TA_HYG,TA,HYG,797200302,https://docs.google.com/spreadsheets/d/1iClfgrC4QaJ7Wb00dPoeg6DANCc1VisSqds-yhXtL2M/edit#gid=797200302,https://docs.google.com/spreadsheets/d/1iClfgrC4QaJ7Wb00dPoeg6DANCc1VisSqds-yhXtL2M/export?format=csv&gid=797200302,https://ca.finance.yahoo.com/quote/HYG/
TA_IAU,TA,IAU,262112564,https://docs.google.com/spreadsheets/d/1iClfgrC4QaJ7Wb00dPoeg6DANCc1VisSqds-yhXtL2M/edit#gid=262112564,https://docs.google.com/spreadsheets/d/1iClfgrC4QaJ7Wb00dPoeg6DANCc1VisSqds-yhXtL2M/export?format=csv&gid=262112564,https://ca.finance.yahoo.com/quote/IAU/
TA_IEF,TA,IEF,1402318927,https://docs.google.com/spreadsheets/d/1iClfgrC4QaJ7Wb00dPoeg6DANCc1VisSqds-yhXtL2M/edit#gid=1402318927,https://docs.google.com/spreadsheets/d/1iClfgrC4QaJ7Wb00dPoeg6DANCc1VisSqds-yhXtL2M/export?format=csv&gid=1402318927,https://ca.finance.yahoo.com/quote/IEF/
TA_IEFA,TA,IEFA,1062951635,https://docs.google.com/spreadsheets/d/1iClfgrC4QaJ7Wb00dPoeg6DANCc1VisSqds-yhXtL2M/edit#gid=1062951635,https://docs.google.com/spreadsheets/d/1iClfgrC4QaJ7Wb00dPoeg6DANCc1VisSqds-yhXtL2M/export?format=csv&gid=1062951635,https://ca.finance.yahoo.com/quote/IEFA/
TA_IEMG,TA,IEMG,481133365,https://docs.google.com/spreadsheets/d/1iClfgrC4QaJ7Wb00dPoeg6DANCc1VisSqds-yhXtL2M/edit#gid=481133365,https://docs.google.com/spreadsheets/d/1iClfgrC4QaJ7Wb00dPoeg6DANCc1VisSqds-yhXtL2M/export?format=csv&gid=481133365,https://ca.finance.yahoo.com/quote/IEMG/
TA_IJH,TA,IJH,43894645,https://docs.google.com/spreadsheets/d/1iClfgrC4QaJ7Wb00dPoeg6DANCc1VisSqds-yhXtL2M/edit#gid=43894645,https://docs.google.com/spreadsheets/d/1iClfgrC4QaJ7Wb00dPoeg6DANCc1VisSqds-yhXtL2M/export?format=csv&gid=43894645,https://ca.finance.yahoo.com/quote/IJH/
TA_IJR,TA,IJR,1112348593,https://docs.google.com/spreadsheets/d/1iClfgrC4QaJ7Wb00dPoeg6DANCc1VisSqds-yhXtL2M/edit#gid=1112348593,https://docs.google.com/spreadsheets/d/1iClfgrC4QaJ7Wb00dPoeg6DANCc1VisSqds-yhXtL2M/export?format=csv&gid=1112348593,https://ca.finance.yahoo.com/quote/IJR/
TA_ITOT,TA,ITOT,265821727,https://docs.google.com/spreadsheets/d/1iClfgrC4QaJ7Wb00dPoeg6DANCc1VisSqds-yhXtL2M/edit#gid=265821727,https://docs.google.com/spreadsheets/d/1iClfgrC4QaJ7Wb00dPoeg6DANCc1VisSqds-yhXtL2M/export?format=csv&gid=265821727,https://ca.finance.yahoo.com/quote/ITOT/
TA_IVV,TA,IVV,263156146,https://docs.google.com/spreadsheets/d/1iClfgrC4QaJ7Wb00dPoeg6DANCc1VisSqds-yhXtL2M/edit#gid=263156146,https://docs.google.com/spreadsheets/d/1iClfgrC4QaJ7Wb00dPoeg6DANCc1VisSqds-yhXtL2M/export?format=csv&gid=263156146,https://ca.finance.yahoo.com/quote/IVV/
TA_IWB,TA,IWB,1699961654,https://docs.google.com/spreadsheets/d/1iClfgrC4QaJ7Wb00dPoeg6DANCc1VisSqds-yhXtL2M/edit#gid=1699961654,https://docs.google.com/spreadsheets/d/1iClfgrC4QaJ7Wb00dPoeg6DANCc1VisSqds-yhXtL2M/export?format=csv&gid=1699961654,https://ca.finance.yahoo.com/quote/IWB/
TA_IWD,TA,IWD,2084320704,https://docs.google.com/spreadsheets/d/1iClfgrC4QaJ7Wb00dPoeg6DANCc1VisSqds-yhXtL2M/edit#gid=2084320704,https://docs.google.com/spreadsheets/d/1iClfgrC4QaJ7Wb00dPoeg6DANCc1VisSqds-yhXtL2M/export?format=csv&gid=2084320704,https://ca.finance.yahoo.com/quote/IWD/
TA_IWF,TA,IWF,605363524,https://docs.google.com/spreadsheets/d/1iClfgrC4QaJ7Wb00dPoeg6DANCc1VisSqds-yhXtL2M/edit#gid=605363524,https://docs.google.com/spreadsheets/d/1iClfgrC4QaJ7Wb00dPoeg6DANCc1VisSqds-yhXtL2M/export?format=csv&gid=605363524,https://ca.finance.yahoo.com/quote/IWF/
TA_IWM,TA,IWM,993030448,https://docs.google.com/spreadsheets/d/1iClfgrC4QaJ7Wb00dPoeg6DANCc1VisSqds-yhXtL2M/edit#gid=993030448,https://docs.google.com/spreadsheets/d/1iClfgrC4QaJ7Wb00dPoeg6DANCc1VisSqds-yhXtL2M/export?format=csv&gid=993030448,https://ca.finance.yahoo.com/quote/IWM/
TA_IWO,TA,IWO,340795468,https://docs.google.com/spreadsheets/d/1iClfgrC4QaJ7Wb00dPoeg6DANCc1VisSqds-yhXtL2M/edit#gid=340795468,https://docs.google.com/spreadsheets/d/1iClfgrC4QaJ7Wb00dPoeg6DANCc1VisSqds-yhXtL2M/export?format=csv&gid=340795468,https://ca.finance.yahoo.com/quote/IWO/
TA_IWP,TA,IWP,2106782791,https://docs.google.com/spreadsheets/d/1iClfgrC4QaJ7Wb00dPoeg6DANCc1VisSqds-yhXtL2M/edit#gid=2106782791,https://docs.google.com/spreadsheets/d/1iClfgrC4QaJ7Wb00dPoeg6DANCc1VisSqds-yhXtL2M/export?format=csv&gid=2106782791,https://ca.finance.yahoo.com/quote/IWP/
TA_IWS,TA,IWS,955973995,https://docs.google.com/spreadsheets/d/1iClfgrC4QaJ7Wb00dPoeg6DANCc1VisSqds-yhXtL2M/edit#gid=955973995,https://docs.google.com/spreadsheets/d/1iClfgrC4QaJ7Wb00dPoeg6DANCc1VisSqds-yhXtL2M/export?format=csv&gid=955973995,https://ca.finance.yahoo.com/quote/IWS/
TA_IYR,TA,IYR,1002823211,https://docs.google.com/spreadsheets/d/1iClfgrC4QaJ7Wb00dPoeg6DANCc1VisSqds-yhXtL2M/edit#gid=1002823211,https://docs.google.com/spreadsheets/d/1iClfgrC4QaJ7Wb00dPoeg6DANCc1VisSqds-yhXtL2M/export?format=csv&gid=1002823211,https://ca.finance.yahoo.com/quote/IYR/
TA_JNK,TA,JNK,1021590713,https://docs.google.com/spreadsheets/d/1iClfgrC4QaJ7Wb00dPoeg6DANCc1VisSqds-yhXtL2M/edit#gid=1021590713,https://docs.google.com/spreadsheets/d/1iClfgrC4QaJ7Wb00dPoeg6DANCc1VisSqds-yhXtL2M/export?format=csv&gid=1021590713,https://ca.finance.yahoo.com/quote/JNK/
TA_LQD,TA,LQD,1141656855,https://docs.google.com/spreadsheets/d/1iClfgrC4QaJ7Wb00dPoeg6DANCc1VisSqds-yhXtL2M/edit#gid=1141656855,https://docs.google.com/spreadsheets/d/1iClfgrC4QaJ7Wb00dPoeg6DANCc1VisSqds-yhXtL2M/export?format=csv&gid=1141656855,https://ca.finance.yahoo.com/quote/LQD/
TA_MTUM,TA,MTUM,782402119,https://docs.google.com/spreadsheets/d/1iClfgrC4QaJ7Wb00dPoeg6DANCc1VisSqds-yhXtL2M/edit#gid=782402119,https://docs.google.com/spreadsheets/d/1iClfgrC4QaJ7Wb00dPoeg6DANCc1VisSqds-yhXtL2M/export?format=csv&gid=782402119,https://ca.finance.yahoo.com/quote/MTUM/
TA_QQC-F,TA,QQC-F,1043487144,https://docs.google.com/spreadsheets/d/1iClfgrC4QaJ7Wb00dPoeg6DANCc1VisSqds-yhXtL2M/edit#gid=1043487144,https://docs.google.com/spreadsheets/d/1iClfgrC4QaJ7Wb00dPoeg6DANCc1VisSqds-yhXtL2M/export?format=csv&gid=1043487144,https://ca.finance.yahoo.com/quote/QQC-F.TO/
TA_QQQ,TA,QQQ,1462780773,https://docs.google.com/spreadsheets/d/1iClfgrC4QaJ7Wb00dPoeg6DANCc1VisSqds-yhXtL2M/edit#gid=1462780773,https://docs.google.com/spreadsheets/d/1iClfgrC4QaJ7Wb00dPoeg6DANCc1VisSqds-yhXtL2M/export?format=csv&gid=1462780773,https://ca.finance.yahoo.com/quote/QQQ/
TA_QQQM,TA,QQQM,2095600191,https://docs.google.com/spreadsheets/d/1iClfgrC4QaJ7Wb00dPoeg6DANCc1VisSqds-yhXtL2M/edit#gid=2095600191,https://docs.google.com/spreadsheets/d/1iClfgrC4QaJ7Wb00dPoeg6DANCc1VisSqds-yhXtL2M/export?format=csv&gid=2095600191,https://ca.finance.yahoo.com/quote/QQQM/
TA_QUAL,TA,QUAL,1230943920,https://docs.google.com/spreadsheets/d/1iClfgrC4QaJ7Wb00dPoeg6DANCc1VisSqds-yhXtL2M/edit#gid=1230943920,https://docs.google.com/spreadsheets/d/1iClfgrC4QaJ7Wb00dPoeg6DANCc1VisSqds-yhXtL2M/export?format=csv&gid=1230943920,https://ca.finance.yahoo.com/quote/QUAL/
TA_SCHB,TA,SCHB,2050216704,https://docs.google.com/spreadsheets/d/1iClfgrC4QaJ7Wb00dPoeg6DANCc1VisSqds-yhXtL2M/edit#gid=2050216704,https://docs.google.com/spreadsheets/d/1iClfgrC4QaJ7Wb00dPoeg6DANCc1VisSqds-yhXtL2M/export?format=csv&gid=2050216704,https://ca.finance.yahoo.com/quote/SCHB/
TA_SHY,TA,SHY,1336674094,https://docs.google.com/spreadsheets/d/1iClfgrC4QaJ7Wb00dPoeg6DANCc1VisSqds-yhXtL2M/edit#gid=1336674094,https://docs.google.com/spreadsheets/d/1iClfgrC4QaJ7Wb00dPoeg6DANCc1VisSqds-yhXtL2M/export?format=csv&gid=1336674094,https://ca.finance.yahoo.com/quote/SHY/
TA_SIZE,TA,SIZE,464192413,https://docs.google.com/spreadsheets/d/1iClfgrC4QaJ7Wb00dPoeg6DANCc1VisSqds-yhXtL2M/edit#gid=464192413,https://docs.google.com/spreadsheets/d/1iClfgrC4QaJ7Wb00dPoeg6DANCc1VisSqds-yhXtL2M/export?format=csv&gid=464192413,https://ca.finance.yahoo.com/quote/SIZE/
TA_SLV,TA,SLV,136376630,https://docs.google.com/spreadsheets/d/1iClfgrC4QaJ7Wb00dPoeg6DANCc1VisSqds-yhXtL2M/edit#gid=136376630,https://docs.google.com/spreadsheets/d/1iClfgrC4QaJ7Wb00dPoeg6DANCc1VisSqds-yhXtL2M/export?format=csv&gid=136376630,https://ca.finance.yahoo.com/quote/SLV/
TA_SMH,TA,SMH,1826890231,https://docs.google.com/spreadsheets/d/1iClfgrC4QaJ7Wb00dPoeg6DANCc1VisSqds-yhXtL2M/edit#gid=1826890231,https://docs.google.com/spreadsheets/d/1iClfgrC4QaJ7Wb00dPoeg6DANCc1VisSqds-yhXtL2M/export?format=csv&gid=1826890231,https://ca.finance.yahoo.com/quote/SMH/
TA_SOXX,TA,SOXX,338216459,https://docs.google.com/spreadsheets/d/1iClfgrC4QaJ7Wb00dPoeg6DANCc1VisSqds-yhXtL2M/edit#gid=338216459,https://docs.google.com/spreadsheets/d/1iClfgrC4QaJ7Wb00dPoeg6DANCc1VisSqds-yhXtL2M/export?format=csv&gid=338216459,https://ca.finance.yahoo.com/quote/SOXX/
TA_SPY,TA,SPY,1859645080,https://docs.google.com/spreadsheets/d/1iClfgrC4QaJ7Wb00dPoeg6DANCc1VisSqds-yhXtL2M/edit#gid=1859645080,https://docs.google.com/spreadsheets/d/1iClfgrC4QaJ7Wb00dPoeg6DANCc1VisSqds-yhXtL2M/export?format=csv&gid=1859645080,https://ca.finance.yahoo.com/quote/SPY/
TA_TIP,TA,TIP,1984187331,https://docs.google.com/spreadsheets/d/1iClfgrC4QaJ7Wb00dPoeg6DANCc1VisSqds-yhXtL2M/edit#gid=1984187331,https://docs.google.com/spreadsheets/d/1iClfgrC4QaJ7Wb00dPoeg6DANCc1VisSqds-yhXtL2M/export?format=csv&gid=1984187331,https://ca.finance.yahoo.com/quote/TIP/
TA_TLT,TA,TLT,1637313973,https://docs.google.com/spreadsheets/d/1iClfgrC4QaJ7Wb00dPoeg6DANCc1VisSqds-yhXtL2M/edit#gid=1637313973,https://docs.google.com/spreadsheets/d/1iClfgrC4QaJ7Wb00dPoeg6DANCc1VisSqds-yhXtL2M/export?format=csv&gid=1637313973,https://ca.finance.yahoo.com/quote/TLT/
TA_UNG,TA,UNG,1800843038,https://docs.google.com/spreadsheets/d/1iClfgrC4QaJ7Wb00dPoeg6DANCc1VisSqds-yhXtL2M/edit#gid=1800843038,https://docs.google.com/spreadsheets/d/1iClfgrC4QaJ7Wb00dPoeg6DANCc1VisSqds-yhXtL2M/export?format=csv&gid=1800843038,https://ca.finance.yahoo.com/quote/UNG/
TA_USMV,TA,USMV,671466226,https://docs.google.com/spreadsheets/d/1iClfgrC4QaJ7Wb00dPoeg6DANCc1VisSqds-yhXtL2M/edit#gid=671466226,https://docs.google.com/spreadsheets/d/1iClfgrC4QaJ7Wb00dPoeg6DANCc1VisSqds-yhXtL2M/export?format=csv&gid=671466226,https://ca.finance.yahoo.com/quote/USMV/
TA_USO,TA,USO,1228965360,https://docs.google.com/spreadsheets/d/1iClfgrC4QaJ7Wb00dPoeg6DANCc1VisSqds-yhXtL2M/edit#gid=1228965360,https://docs.google.com/spreadsheets/d/1iClfgrC4QaJ7Wb00dPoeg6DANCc1VisSqds-yhXtL2M/export?format=csv&gid=1228965360,https://ca.finance.yahoo.com/quote/USO/
TA_VAB,TA,VAB,1122392126,https://docs.google.com/spreadsheets/d/1iClfgrC4QaJ7Wb00dPoeg6DANCc1VisSqds-yhXtL2M/edit#gid=1122392126,https://docs.google.com/spreadsheets/d/1iClfgrC4QaJ7Wb00dPoeg6DANCc1VisSqds-yhXtL2M/export?format=csv&gid=1122392126,https://ca.finance.yahoo.com/quote/VAB.TO/
TA_VBAL,TA,VBAL,288247013,https://docs.google.com/spreadsheets/d/1iClfgrC4QaJ7Wb00dPoeg6DANCc1VisSqds-yhXtL2M/edit#gid=288247013,https://docs.google.com/spreadsheets/d/1iClfgrC4QaJ7Wb00dPoeg6DANCc1VisSqds-yhXtL2M/export?format=csv&gid=288247013,https://ca.finance.yahoo.com/quote/VBAL.TO/
TA_VCE,TA,VCE,2079644337,https://docs.google.com/spreadsheets/d/1iClfgrC4QaJ7Wb00dPoeg6DANCc1VisSqds-yhXtL2M/edit#gid=2079644337,https://docs.google.com/spreadsheets/d/1iClfgrC4QaJ7Wb00dPoeg6DANCc1VisSqds-yhXtL2M/export?format=csv&gid=2079644337,https://ca.finance.yahoo.com/quote/VCE.TO/
TA_VCN,TA,VCN,1360382793,https://docs.google.com/spreadsheets/d/1iClfgrC4QaJ7Wb00dPoeg6DANCc1VisSqds-yhXtL2M/edit#gid=1360382793,https://docs.google.com/spreadsheets/d/1iClfgrC4QaJ7Wb00dPoeg6DANCc1VisSqds-yhXtL2M/export?format=csv&gid=1360382793,https://ca.finance.yahoo.com/quote/VCN.TO/
TA_VDY,TA,VDY,1291740255,https://docs.google.com/spreadsheets/d/1iClfgrC4QaJ7Wb00dPoeg6DANCc1VisSqds-yhXtL2M/edit#gid=1291740255,https://docs.google.com/spreadsheets/d/1iClfgrC4QaJ7Wb00dPoeg6DANCc1VisSqds-yhXtL2M/export?format=csv&gid=1291740255,https://ca.finance.yahoo.com/quote/VDY.TO/
TA_VEA,TA,VEA,1090587900,https://docs.google.com/spreadsheets/d/1iClfgrC4QaJ7Wb00dPoeg6DANCc1VisSqds-yhXtL2M/edit#gid=1090587900,https://docs.google.com/spreadsheets/d/1iClfgrC4QaJ7Wb00dPoeg6DANCc1VisSqds-yhXtL2M/export?format=csv&gid=1090587900,https://ca.finance.yahoo.com/quote/VEA/
TA_VEE,TA,VEE,337711964,https://docs.google.com/spreadsheets/d/1iClfgrC4QaJ7Wb00dPoeg6DANCc1VisSqds-yhXtL2M/edit#gid=337711964,https://docs.google.com/spreadsheets/d/1iClfgrC4QaJ7Wb00dPoeg6DANCc1VisSqds-yhXtL2M/export?format=csv&gid=337711964,https://ca.finance.yahoo.com/quote/VEE.TO/
TA_VEQT,TA,VEQT,1049143729,https://docs.google.com/spreadsheets/d/1iClfgrC4QaJ7Wb00dPoeg6DANCc1VisSqds-yhXtL2M/edit#gid=1049143729,https://docs.google.com/spreadsheets/d/1iClfgrC4QaJ7Wb00dPoeg6DANCc1VisSqds-yhXtL2M/export?format=csv&gid=1049143729,https://ca.finance.yahoo.com/quote/VEQT.TO/
TA_VFV,TA,VFV,866292780,https://docs.google.com/spreadsheets/d/1iClfgrC4QaJ7Wb00dPoeg6DANCc1VisSqds-yhXtL2M/edit#gid=866292780,https://docs.google.com/spreadsheets/d/1iClfgrC4QaJ7Wb00dPoeg6DANCc1VisSqds-yhXtL2M/export?format=csv&gid=866292780,https://ca.finance.yahoo.com/quote/VFV.TO/
TA_VGRO,TA,VGRO,401720499,https://docs.google.com/spreadsheets/d/1iClfgrC4QaJ7Wb00dPoeg6DANCc1VisSqds-yhXtL2M/edit#gid=401720499,https://docs.google.com/spreadsheets/d/1iClfgrC4QaJ7Wb00dPoeg6DANCc1VisSqds-yhXtL2M/export?format=csv&gid=401720499,https://ca.finance.yahoo.com/quote/VGRO.TO/
TA_VIU,TA,VIU,1413566440,https://docs.google.com/spreadsheets/d/1iClfgrC4QaJ7Wb00dPoeg6DANCc1VisSqds-yhXtL2M/edit#gid=1413566440,https://docs.google.com/spreadsheets/d/1iClfgrC4QaJ7Wb00dPoeg6DANCc1VisSqds-yhXtL2M/export?format=csv&gid=1413566440,https://ca.finance.yahoo.com/quote/VIU.TO/
TA_VLUE,TA,VLUE,475670786,https://docs.google.com/spreadsheets/d/1iClfgrC4QaJ7Wb00dPoeg6DANCc1VisSqds-yhXtL2M/edit#gid=475670786,https://docs.google.com/spreadsheets/d/1iClfgrC4QaJ7Wb00dPoeg6DANCc1VisSqds-yhXtL2M/export?format=csv&gid=475670786,https://ca.finance.yahoo.com/quote/VLUE/
TA_VNQ,TA,VNQ,435570578,https://docs.google.com/spreadsheets/d/1iClfgrC4QaJ7Wb00dPoeg6DANCc1VisSqds-yhXtL2M/edit#gid=435570578,https://docs.google.com/spreadsheets/d/1iClfgrC4QaJ7Wb00dPoeg6DANCc1VisSqds-yhXtL2M/export?format=csv&gid=435570578,https://ca.finance.yahoo.com/quote/VNQ/
TA_VOO,TA,VOO,1080738304,https://docs.google.com/spreadsheets/d/1iClfgrC4QaJ7Wb00dPoeg6DANCc1VisSqds-yhXtL2M/edit#gid=1080738304,https://docs.google.com/spreadsheets/d/1iClfgrC4QaJ7Wb00dPoeg6DANCc1VisSqds-yhXtL2M/export?format=csv&gid=1080738304,https://ca.finance.yahoo.com/quote/VOO/
TA_VTI,TA,VTI,1092973072,https://docs.google.com/spreadsheets/d/1iClfgrC4QaJ7Wb00dPoeg6DANCc1VisSqds-yhXtL2M/edit#gid=1092973072,https://docs.google.com/spreadsheets/d/1iClfgrC4QaJ7Wb00dPoeg6DANCc1VisSqds-yhXtL2M/export?format=csv&gid=1092973072,https://ca.finance.yahoo.com/quote/VTI/
TA_VTV,TA,VTV,2140007707,https://docs.google.com/spreadsheets/d/1iClfgrC4QaJ7Wb00dPoeg6DANCc1VisSqds-yhXtL2M/edit#gid=2140007707,https://docs.google.com/spreadsheets/d/1iClfgrC4QaJ7Wb00dPoeg6DANCc1VisSqds-yhXtL2M/export?format=csv&gid=2140007707,https://ca.finance.yahoo.com/quote/VTV/
TA_VUG,TA,VUG,1353283043,https://docs.google.com/spreadsheets/d/1iClfgrC4QaJ7Wb00dPoeg6DANCc1VisSqds-yhXtL2M/edit#gid=1353283043,https://docs.google.com/spreadsheets/d/1iClfgrC4QaJ7Wb00dPoeg6DANCc1VisSqds-yhXtL2M/export?format=csv&gid=1353283043,https://ca.finance.yahoo.com/quote/VUG/
TA_VUN,TA,VUN,545614116,https://docs.google.com/spreadsheets/d/1iClfgrC4QaJ7Wb00dPoeg6DANCc1VisSqds-yhXtL2M/edit#gid=545614116,https://docs.google.com/spreadsheets/d/1iClfgrC4QaJ7Wb00dPoeg6DANCc1VisSqds-yhXtL2M/export?format=csv&gid=545614116,https://ca.finance.yahoo.com/quote/VUN.TO/
TA_VWO,TA,VWO,243011227,https://docs.google.com/spreadsheets/d/1iClfgrC4QaJ7Wb00dPoeg6DANCc1VisSqds-yhXtL2M/edit#gid=243011227,https://docs.google.com/spreadsheets/d/1iClfgrC4QaJ7Wb00dPoeg6DANCc1VisSqds-yhXtL2M/export?format=csv&gid=243011227,https://ca.finance.yahoo.com/quote/VWO/
TA_VXC,TA,VXC,2025822532,https://docs.google.com/spreadsheets/d/1iClfgrC4QaJ7Wb00dPoeg6DANCc1VisSqds-yhXtL2M/edit#gid=2025822532,https://docs.google.com/spreadsheets/d/1iClfgrC4QaJ7Wb00dPoeg6DANCc1VisSqds-yhXtL2M/export?format=csv&gid=2025822532,https://ca.finance.yahoo.com/quote/VXC.TO/
TA_XAW,TA,XAW,259065309,https://docs.google.com/spreadsheets/d/1iClfgrC4QaJ7Wb00dPoeg6DANCc1VisSqds-yhXtL2M/edit#gid=259065309,https://docs.google.com/spreadsheets/d/1iClfgrC4QaJ7Wb00dPoeg6DANCc1VisSqds-yhXtL2M/export?format=csv&gid=259065309,https://ca.finance.yahoo.com/quote/XAW.TO/
TA_XBAL,TA,XBAL,1011621735,https://docs.google.com/spreadsheets/d/1iClfgrC4QaJ7Wb00dPoeg6DANCc1VisSqds-yhXtL2M/edit#gid=1011621735,https://docs.google.com/spreadsheets/d/1iClfgrC4QaJ7Wb00dPoeg6DANCc1VisSqds-yhXtL2M/export?format=csv&gid=1011621735,https://ca.finance.yahoo.com/quote/XBAL.TO/
TA_XBB,TA,XBB,2097576579,https://docs.google.com/spreadsheets/d/1iClfgrC4QaJ7Wb00dPoeg6DANCc1VisSqds-yhXtL2M/edit#gid=2097576579,https://docs.google.com/spreadsheets/d/1iClfgrC4QaJ7Wb00dPoeg6DANCc1VisSqds-yhXtL2M/export?format=csv&gid=2097576579,https://ca.finance.yahoo.com/quote/XBB.TO/
TA_XBI,TA,XBI,2104950777,https://docs.google.com/spreadsheets/d/1iClfgrC4QaJ7Wb00dPoeg6DANCc1VisSqds-yhXtL2M/edit#gid=2104950777,https://docs.google.com/spreadsheets/d/1iClfgrC4QaJ7Wb00dPoeg6DANCc1VisSqds-yhXtL2M/export?format=csv&gid=2104950777,https://ca.finance.yahoo.com/quote/XBI/
TA_XDV,TA,XDV,632446050,https://docs.google.com/spreadsheets/d/1iClfgrC4QaJ7Wb00dPoeg6DANCc1VisSqds-yhXtL2M/edit#gid=632446050,https://docs.google.com/spreadsheets/d/1iClfgrC4QaJ7Wb00dPoeg6DANCc1VisSqds-yhXtL2M/export?format=csv&gid=632446050,https://ca.finance.yahoo.com/quote/XDV.TO/
TA_XEC,TA,XEC,290305855,https://docs.google.com/spreadsheets/d/1iClfgrC4QaJ7Wb00dPoeg6DANCc1VisSqds-yhXtL2M/edit#gid=290305855,https://docs.google.com/spreadsheets/d/1iClfgrC4QaJ7Wb00dPoeg6DANCc1VisSqds-yhXtL2M/export?format=csv&gid=290305855,https://ca.finance.yahoo.com/quote/XEC.TO/
TA_XEF,TA,XEF,802995331,https://docs.google.com/spreadsheets/d/1iClfgrC4QaJ7Wb00dPoeg6DANCc1VisSqds-yhXtL2M/edit#gid=802995331,https://docs.google.com/spreadsheets/d/1iClfgrC4QaJ7Wb00dPoeg6DANCc1VisSqds-yhXtL2M/export?format=csv&gid=802995331,https://ca.finance.yahoo.com/quote/XEF.TO/
TA_XEG,TA,XEG,1345915759,https://docs.google.com/spreadsheets/d/1iClfgrC4QaJ7Wb00dPoeg6DANCc1VisSqds-yhXtL2M/edit#gid=1345915759,https://docs.google.com/spreadsheets/d/1iClfgrC4QaJ7Wb00dPoeg6DANCc1VisSqds-yhXtL2M/export?format=csv&gid=1345915759,https://ca.finance.yahoo.com/quote/XEG.TO/
TA_XEI,TA,XEI,597067383,https://docs.google.com/spreadsheets/d/1iClfgrC4QaJ7Wb00dPoeg6DANCc1VisSqds-yhXtL2M/edit#gid=597067383,https://docs.google.com/spreadsheets/d/1iClfgrC4QaJ7Wb00dPoeg6DANCc1VisSqds-yhXtL2M/export?format=csv&gid=597067383,https://ca.finance.yahoo.com/quote/XEI.TO/
TA_XEQT,TA,XEQT,945698653,https://docs.google.com/spreadsheets/d/1iClfgrC4QaJ7Wb00dPoeg6DANCc1VisSqds-yhXtL2M/edit#gid=945698653,https://docs.google.com/spreadsheets/d/1iClfgrC4QaJ7Wb00dPoeg6DANCc1VisSqds-yhXtL2M/export?format=csv&gid=945698653,https://ca.finance.yahoo.com/quote/XEQT.TO/
TA_XFN,TA,XFN,1782464101,https://docs.google.com/spreadsheets/d/1iClfgrC4QaJ7Wb00dPoeg6DANCc1VisSqds-yhXtL2M/edit#gid=1782464101,https://docs.google.com/spreadsheets/d/1iClfgrC4QaJ7Wb00dPoeg6DANCc1VisSqds-yhXtL2M/export?format=csv&gid=1782464101,https://ca.finance.yahoo.com/quote/XFN.TO/
TA_XGB,TA,XGB,871336642,https://docs.google.com/spreadsheets/d/1iClfgrC4QaJ7Wb00dPoeg6DANCc1VisSqds-yhXtL2M/edit#gid=871336642,https://docs.google.com/spreadsheets/d/1iClfgrC4QaJ7Wb00dPoeg6DANCc1VisSqds-yhXtL2M/export?format=csv&gid=871336642,https://ca.finance.yahoo.com/quote/XGB.TO/
TA_XGRO,TA,XGRO,1856486708,https://docs.google.com/spreadsheets/d/1iClfgrC4QaJ7Wb00dPoeg6DANCc1VisSqds-yhXtL2M/edit#gid=1856486708,https://docs.google.com/spreadsheets/d/1iClfgrC4QaJ7Wb00dPoeg6DANCc1VisSqds-yhXtL2M/export?format=csv&gid=1856486708,https://ca.finance.yahoo.com/quote/XGRO.TO/
TA_XIC,TA,XIC,2023585202,https://docs.google.com/spreadsheets/d/1iClfgrC4QaJ7Wb00dPoeg6DANCc1VisSqds-yhXtL2M/edit#gid=2023585202,https://docs.google.com/spreadsheets/d/1iClfgrC4QaJ7Wb00dPoeg6DANCc1VisSqds-yhXtL2M/export?format=csv&gid=2023585202,https://ca.finance.yahoo.com/quote/XIC.TO/
TA_XIT,TA,XIT,987609004,https://docs.google.com/spreadsheets/d/1iClfgrC4QaJ7Wb00dPoeg6DANCc1VisSqds-yhXtL2M/edit#gid=987609004,https://docs.google.com/spreadsheets/d/1iClfgrC4QaJ7Wb00dPoeg6DANCc1VisSqds-yhXtL2M/export?format=csv&gid=987609004,https://ca.finance.yahoo.com/quote/XIT.TO/
TA_XIU,TA,XIU,582437506,https://docs.google.com/spreadsheets/d/1iClfgrC4QaJ7Wb00dPoeg6DANCc1VisSqds-yhXtL2M/edit#gid=582437506,https://docs.google.com/spreadsheets/d/1iClfgrC4QaJ7Wb00dPoeg6DANCc1VisSqds-yhXtL2M/export?format=csv&gid=582437506,https://ca.finance.yahoo.com/quote/XIU.TO/
TA_XLB,TA,XLB,25633789,https://docs.google.com/spreadsheets/d/1iClfgrC4QaJ7Wb00dPoeg6DANCc1VisSqds-yhXtL2M/edit#gid=25633789,https://docs.google.com/spreadsheets/d/1iClfgrC4QaJ7Wb00dPoeg6DANCc1VisSqds-yhXtL2M/export?format=csv&gid=25633789,https://ca.finance.yahoo.com/quote/XLB.TO/
TA_XLC,TA,XLC,495324869,https://docs.google.com/spreadsheets/d/1iClfgrC4QaJ7Wb00dPoeg6DANCc1VisSqds-yhXtL2M/edit#gid=495324869,https://docs.google.com/spreadsheets/d/1iClfgrC4QaJ7Wb00dPoeg6DANCc1VisSqds-yhXtL2M/export?format=csv&gid=495324869,https://ca.finance.yahoo.com/quote/XLC/
TA_XLE,TA,XLE,1712235976,https://docs.google.com/spreadsheets/d/1iClfgrC4QaJ7Wb00dPoeg6DANCc1VisSqds-yhXtL2M/edit#gid=1712235976,https://docs.google.com/spreadsheets/d/1iClfgrC4QaJ7Wb00dPoeg6DANCc1VisSqds-yhXtL2M/export?format=csv&gid=1712235976,https://ca.finance.yahoo.com/quote/XLE/
TA_XLF,TA,XLF,477254274,https://docs.google.com/spreadsheets/d/1iClfgrC4QaJ7Wb00dPoeg6DANCc1VisSqds-yhXtL2M/edit#gid=477254274,https://docs.google.com/spreadsheets/d/1iClfgrC4QaJ7Wb00dPoeg6DANCc1VisSqds-yhXtL2M/export?format=csv&gid=477254274,https://ca.finance.yahoo.com/quote/XLF/
TA_XLI,TA,XLI,796457618,https://docs.google.com/spreadsheets/d/1iClfgrC4QaJ7Wb00dPoeg6DANCc1VisSqds-yhXtL2M/edit#gid=796457618,https://docs.google.com/spreadsheets/d/1iClfgrC4QaJ7Wb00dPoeg6DANCc1VisSqds-yhXtL2M/export?format=csv&gid=796457618,https://ca.finance.yahoo.com/quote/XLI/
TA_XLK,TA,XLK,1590828571,https://docs.google.com/spreadsheets/d/1iClfgrC4QaJ7Wb00dPoeg6DANCc1VisSqds-yhXtL2M/edit#gid=1590828571,https://docs.google.com/spreadsheets/d/1iClfgrC4QaJ7Wb00dPoeg6DANCc1VisSqds-yhXtL2M/export?format=csv&gid=1590828571,https://ca.finance.yahoo.com/quote/XLK/
TA_XLP,TA,XLP,1541946038,https://docs.google.com/spreadsheets/d/1iClfgrC4QaJ7Wb00dPoeg6DANCc1VisSqds-yhXtL2M/edit#gid=1541946038,https://docs.google.com/spreadsheets/d/1iClfgrC4QaJ7Wb00dPoeg6DANCc1VisSqds-yhXtL2M/export?format=csv&gid=1541946038,https://ca.finance.yahoo.com/quote/XLP/
TA_XLRE,TA,XLRE,816296659,https://docs.google.com/spreadsheets/d/1iClfgrC4QaJ7Wb00dPoeg6DANCc1VisSqds-yhXtL2M/edit#gid=816296659,https://docs.google.com/spreadsheets/d/1iClfgrC4QaJ7Wb00dPoeg6DANCc1VisSqds-yhXtL2M/export?format=csv&gid=816296659,https://ca.finance.yahoo.com/quote/XLRE/
TA_XLU,TA,XLU,193537780,https://docs.google.com/spreadsheets/d/1iClfgrC4QaJ7Wb00dPoeg6DANCc1VisSqds-yhXtL2M/edit#gid=193537780,https://docs.google.com/spreadsheets/d/1iClfgrC4QaJ7Wb00dPoeg6DANCc1VisSqds-yhXtL2M/export?format=csv&gid=193537780,https://ca.finance.yahoo.com/quote/XLU/
TA_XLV,TA,XLV,615673245,https://docs.google.com/spreadsheets/d/1iClfgrC4QaJ7Wb00dPoeg6DANCc1VisSqds-yhXtL2M/edit#gid=615673245,https://docs.google.com/spreadsheets/d/1iClfgrC4QaJ7Wb00dPoeg6DANCc1VisSqds-yhXtL2M/export?format=csv&gid=615673245,https://ca.finance.yahoo.com/quote/XLV/
TA_XLY,TA,XLY,296252027,https://docs.google.com/spreadsheets/d/1iClfgrC4QaJ7Wb00dPoeg6DANCc1VisSqds-yhXtL2M/edit#gid=296252027,https://docs.google.com/spreadsheets/d/1iClfgrC4QaJ7Wb00dPoeg6DANCc1VisSqds-yhXtL2M/export?format=csv&gid=296252027,https://ca.finance.yahoo.com/quote/XLY/
TA_XME,TA,XME,105376936,https://docs.google.com/spreadsheets/d/1iClfgrC4QaJ7Wb00dPoeg6DANCc1VisSqds-yhXtL2M/edit#gid=105376936,https://docs.google.com/spreadsheets/d/1iClfgrC4QaJ7Wb00dPoeg6DANCc1VisSqds-yhXtL2M/export?format=csv&gid=105376936,https://ca.finance.yahoo.com/quote/XME/
TA_XQQ,TA,XQQ,1863394989,https://docs.google.com/spreadsheets/d/1iClfgrC4QaJ7Wb00dPoeg6DANCc1VisSqds-yhXtL2M/edit#gid=1863394989,https://docs.google.com/spreadsheets/d/1iClfgrC4QaJ7Wb00dPoeg6DANCc1VisSqds-yhXtL2M/export?format=csv&gid=1863394989,https://ca.finance.yahoo.com/quote/XQQ.TO/
TA_XRB,TA,XRB,618563458,https://docs.google.com/spreadsheets/d/1iClfgrC4QaJ7Wb00dPoeg6DANCc1VisSqds-yhXtL2M/edit#gid=618563458,https://docs.google.com/spreadsheets/d/1iClfgrC4QaJ7Wb00dPoeg6DANCc1VisSqds-yhXtL2M/export?format=csv&gid=618563458,https://ca.finance.yahoo.com/quote/XRB.TO/
TA_XRE,TA,XRE,147671787,https://docs.google.com/spreadsheets/d/1iClfgrC4QaJ7Wb00dPoeg6DANCc1VisSqds-yhXtL2M/edit#gid=147671787,https://docs.google.com/spreadsheets/d/1iClfgrC4QaJ7Wb00dPoeg6DANCc1VisSqds-yhXtL2M/export?format=csv&gid=147671787,https://ca.finance.yahoo.com/quote/XRE.TO/
TA_XSB,TA,XSB,809245402,https://docs.google.com/spreadsheets/d/1iClfgrC4QaJ7Wb00dPoeg6DANCc1VisSqds-yhXtL2M/edit#gid=809245402,https://docs.google.com/spreadsheets/d/1iClfgrC4QaJ7Wb00dPoeg6DANCc1VisSqds-yhXtL2M/export?format=csv&gid=809245402,https://ca.finance.yahoo.com/quote/XSB.TO/
TA_XSH,TA,XSH,1202550335,https://docs.google.com/spreadsheets/d/1iClfgrC4QaJ7Wb00dPoeg6DANCc1VisSqds-yhXtL2M/edit#gid=1202550335,https://docs.google.com/spreadsheets/d/1iClfgrC4QaJ7Wb00dPoeg6DANCc1VisSqds-yhXtL2M/export?format=csv&gid=1202550335,https://ca.finance.yahoo.com/quote/XSH.TO/
TA_XUS,TA,XUS,1041416002,https://docs.google.com/spreadsheets/d/1iClfgrC4QaJ7Wb00dPoeg6DANCc1VisSqds-yhXtL2M/edit#gid=1041416002,https://docs.google.com/spreadsheets/d/1iClfgrC4QaJ7Wb00dPoeg6DANCc1VisSqds-yhXtL2M/export?format=csv&gid=1041416002,https://ca.finance.yahoo.com/quote/XUS.TO/
TA_XUU,TA,XUU,1265335921,https://docs.google.com/spreadsheets/d/1iClfgrC4QaJ7Wb00dPoeg6DANCc1VisSqds-yhXtL2M/edit#gid=1265335921,https://docs.google.com/spreadsheets/d/1iClfgrC4QaJ7Wb00dPoeg6DANCc1VisSqds-yhXtL2M/export?format=csv&gid=1265335921,https://ca.finance.yahoo.com/quote/XUU.TO/
TA_ZAG,TA,ZAG,996187458,https://docs.google.com/spreadsheets/d/1iClfgrC4QaJ7Wb00dPoeg6DANCc1VisSqds-yhXtL2M/edit#gid=996187458,https://docs.google.com/spreadsheets/d/1iClfgrC4QaJ7Wb00dPoeg6DANCc1VisSqds-yhXtL2M/export?format=csv&gid=996187458,https://ca.finance.yahoo.com/quote/ZAG.TO/
TA_ZBAL,TA,ZBAL,2074055037,https://docs.google.com/spreadsheets/d/1iClfgrC4QaJ7Wb00dPoeg6DANCc1VisSqds-yhXtL2M/edit#gid=2074055037,https://docs.google.com/spreadsheets/d/1iClfgrC4QaJ7Wb00dPoeg6DANCc1VisSqds-yhXtL2M/export?format=csv&gid=2074055037,https://ca.finance.yahoo.com/quote/ZBAL.TO/
TA_ZCM,TA,ZCM,670494475,https://docs.google.com/spreadsheets/d/1iClfgrC4QaJ7Wb00dPoeg6DANCc1VisSqds-yhXtL2M/edit#gid=670494475,https://docs.google.com/spreadsheets/d/1iClfgrC4QaJ7Wb00dPoeg6DANCc1VisSqds-yhXtL2M/export?format=csv&gid=670494475,https://ca.finance.yahoo.com/quote/ZCM.TO/
TA_ZCN,TA,ZCN,9178726,https://docs.google.com/spreadsheets/d/1iClfgrC4QaJ7Wb00dPoeg6DANCc1VisSqds-yhXtL2M/edit#gid=9178726,https://docs.google.com/spreadsheets/d/1iClfgrC4QaJ7Wb00dPoeg6DANCc1VisSqds-yhXtL2M/export?format=csv&gid=9178726,https://ca.finance.yahoo.com/quote/ZCN.TO/
TA_ZCS,TA,ZCS,178457395,https://docs.google.com/spreadsheets/d/1iClfgrC4QaJ7Wb00dPoeg6DANCc1VisSqds-yhXtL2M/edit#gid=178457395,https://docs.google.com/spreadsheets/d/1iClfgrC4QaJ7Wb00dPoeg6DANCc1VisSqds-yhXtL2M/export?format=csv&gid=178457395,https://ca.finance.yahoo.com/quote/ZCS.TO/
TA_ZDB,TA,ZDB,1943251269,https://docs.google.com/spreadsheets/d/1iClfgrC4QaJ7Wb00dPoeg6DANCc1VisSqds-yhXtL2M/edit#gid=1943251269,https://docs.google.com/spreadsheets/d/1iClfgrC4QaJ7Wb00dPoeg6DANCc1VisSqds-yhXtL2M/export?format=csv&gid=1943251269,https://ca.finance.yahoo.com/quote/ZDB.TO/
TA_ZDV,TA,ZDV,547191544,https://docs.google.com/spreadsheets/d/1iClfgrC4QaJ7Wb00dPoeg6DANCc1VisSqds-yhXtL2M/edit#gid=547191544,https://docs.google.com/spreadsheets/d/1iClfgrC4QaJ7Wb00dPoeg6DANCc1VisSqds-yhXtL2M/export?format=csv&gid=547191544,https://ca.finance.yahoo.com/quote/ZDV.TO/
TA_ZEA,TA,ZEA,2072977015,https://docs.google.com/spreadsheets/d/1iClfgrC4QaJ7Wb00dPoeg6DANCc1VisSqds-yhXtL2M/edit#gid=2072977015,https://docs.google.com/spreadsheets/d/1iClfgrC4QaJ7Wb00dPoeg6DANCc1VisSqds-yhXtL2M/export?format=csv&gid=2072977015,https://ca.finance.yahoo.com/quote/ZEA.TO/
TA_ZEB,TA,ZEB,508806910,https://docs.google.com/spreadsheets/d/1iClfgrC4QaJ7Wb00dPoeg6DANCc1VisSqds-yhXtL2M/edit#gid=508806910,https://docs.google.com/spreadsheets/d/1iClfgrC4QaJ7Wb00dPoeg6DANCc1VisSqds-yhXtL2M/export?format=csv&gid=508806910,https://ca.finance.yahoo.com/quote/ZEB.TO/
TA_ZEM,TA,ZEM,122040269,https://docs.google.com/spreadsheets/d/1iClfgrC4QaJ7Wb00dPoeg6DANCc1VisSqds-yhXtL2M/edit#gid=122040269,https://docs.google.com/spreadsheets/d/1iClfgrC4QaJ7Wb00dPoeg6DANCc1VisSqds-yhXtL2M/export?format=csv&gid=122040269,https://ca.finance.yahoo.com/quote/ZEM.TO/
TA_ZEO,TA,ZEO,1821925762,https://docs.google.com/spreadsheets/d/1iClfgrC4QaJ7Wb00dPoeg6DANCc1VisSqds-yhXtL2M/edit#gid=1821925762,https://docs.google.com/spreadsheets/d/1iClfgrC4QaJ7Wb00dPoeg6DANCc1VisSqds-yhXtL2M/export?format=csv&gid=1821925762,https://ca.finance.yahoo.com/quote/ZEO.TO/
TA_ZEQT,TA,ZEQT,364545162,https://docs.google.com/spreadsheets/d/1iClfgrC4QaJ7Wb00dPoeg6DANCc1VisSqds-yhXtL2M/edit#gid=364545162,https://docs.google.com/spreadsheets/d/1iClfgrC4QaJ7Wb00dPoeg6DANCc1VisSqds-yhXtL2M/export?format=csv&gid=364545162,https://ca.finance.yahoo.com/quote/ZEQT.TO/
TA_ZFL,TA,ZFL,975810029,https://docs.google.com/spreadsheets/d/1iClfgrC4QaJ7Wb00dPoeg6DANCc1VisSqds-yhXtL2M/edit#gid=975810029,https://docs.google.com/spreadsheets/d/1iClfgrC4QaJ7Wb00dPoeg6DANCc1VisSqds-yhXtL2M/export?format=csv&gid=975810029,https://ca.finance.yahoo.com/quote/ZFL.TO/
TA_ZGRO,TA,ZGRO,599653361,https://docs.google.com/spreadsheets/d/1iClfgrC4QaJ7Wb00dPoeg6DANCc1VisSqds-yhXtL2M/edit#gid=599653361,https://docs.google.com/spreadsheets/d/1iClfgrC4QaJ7Wb00dPoeg6DANCc1VisSqds-yhXtL2M/export?format=csv&gid=599653361,https://ca.finance.yahoo.com/quote/ZGRO.TO/
TA_ZLB,TA,ZLB,993020738,https://docs.google.com/spreadsheets/d/1iClfgrC4QaJ7Wb00dPoeg6DANCc1VisSqds-yhXtL2M/edit#gid=993020738,https://docs.google.com/spreadsheets/d/1iClfgrC4QaJ7Wb00dPoeg6DANCc1VisSqds-yhXtL2M/export?format=csv&gid=993020738,https://ca.finance.yahoo.com/quote/ZLB/
TA_ZLC,TA,ZLC,987830953,https://docs.google.com/spreadsheets/d/1iClfgrC4QaJ7Wb00dPoeg6DANCc1VisSqds-yhXtL2M/edit#gid=987830953,https://docs.google.com/spreadsheets/d/1iClfgrC4QaJ7Wb00dPoeg6DANCc1VisSqds-yhXtL2M/export?format=csv&gid=987830953,https://ca.finance.yahoo.com/quote/ZLC.TO/
TA_ZLU,TA,ZLU,1796005120,https://docs.google.com/spreadsheets/d/1iClfgrC4QaJ7Wb00dPoeg6DANCc1VisSqds-yhXtL2M/edit#gid=1796005120,https://docs.google.com/spreadsheets/d/1iClfgrC4QaJ7Wb00dPoeg6DANCc1VisSqds-yhXtL2M/export?format=csv&gid=1796005120,https://ca.finance.yahoo.com/quote/ZLU/
TA_ZQQ,TA,ZQQ,2049851887,https://docs.google.com/spreadsheets/d/1iClfgrC4QaJ7Wb00dPoeg6DANCc1VisSqds-yhXtL2M/edit#gid=2049851887,https://docs.google.com/spreadsheets/d/1iClfgrC4QaJ7Wb00dPoeg6DANCc1VisSqds-yhXtL2M/export?format=csv&gid=2049851887,https://ca.finance.yahoo.com/quote/ZQQ.TO/
TA_ZRE,TA,ZRE,855609590,https://docs.google.com/spreadsheets/d/1iClfgrC4QaJ7Wb00dPoeg6DANCc1VisSqds-yhXtL2M/edit#gid=855609590,https://docs.google.com/spreadsheets/d/1iClfgrC4QaJ7Wb00dPoeg6DANCc1VisSqds-yhXtL2M/export?format=csv&gid=855609590,https://ca.finance.yahoo.com/quote/ZRE.TO/
TA_ZSP,TA,ZSP,1053170133,https://docs.google.com/spreadsheets/d/1iClfgrC4QaJ7Wb00dPoeg6DANCc1VisSqds-yhXtL2M/edit#gid=1053170133,https://docs.google.com/spreadsheets/d/1iClfgrC4QaJ7Wb00dPoeg6DANCc1VisSqds-yhXtL2M/export?format=csv&gid=1053170133,https://ca.finance.yahoo.com/quote/ZSP.TO/
TA_ZUE,TA,ZUE,304645648,https://docs.google.com/spreadsheets/d/1iClfgrC4QaJ7Wb00dPoeg6DANCc1VisSqds-yhXtL2M/edit#gid=304645648,https://docs.google.com/spreadsheets/d/1iClfgrC4QaJ7Wb00dPoeg6DANCc1VisSqds-yhXtL2M/export?format=csv&gid=304645648,https://ca.finance.yahoo.com/quote/ZUE.TO/