Tab,Type,CSV_URL
SCAN,SystemFast,https://docs.google.com/spreadsheets/d/1op-6H-jXLpM0rJWkfUdVVeY-kw4MVkkFYXz36N_67Ts/gviz/tq?tqx=out:csv&sheet=SCAN
Prices,SystemFast,https://docs.google.com/spreadsheets/d/1op-6H-jXLpM0rJWkfUdVVeY-kw4MVkkFYXz36N_67Ts/gviz/tq?tqx=out:csv&sheet=Prices
GLOBAL_CHECK,SystemFast,https://docs.google.com/spreadsheets/d/1op-6H-jXLpM0rJWkfUdVVeY-kw4MVkkFYXz36N_67Ts/gviz/tq?tqx=out:csv&sheet=GLOBAL_CHECK
HEALTH,SystemFast,https://docs.google.com/spreadsheets/d/1op-6H-jXLpM0rJWkfUdVVeY-kw4MVkkFYXz36N_67Ts/gviz/tq?tqx=out:csv&sheet=HEALTH
__GF_FETCH__,SystemFast,https://docs.google.com/spreadsheets/d/1op-6H-jXLpM0rJWkfUdVVeY-kw4MVkkFYXz36N_67Ts/gviz/tq?tqx=out:csv&sheet=__GF_FETCH__
MacroAlign,SystemDaily,https://docs.google.com/spreadsheets/d/1op-6H-jXLpM0rJWkfUdVVeY-kw4MVkkFYXz36N_67Ts/gviz/tq?tqx=out:csv&sheet=MacroAlign
HistCalib,SystemDaily,https://docs.google.com/spreadsheets/d/1op-6H-jXLpM0rJWkfUdVVeY-kw4MVkkFYXz36N_67Ts/gviz/tq?tqx=out:csv&sheet=HistCalib
Settings,SystemDaily,https://docs.google.com/spreadsheets/d/1op-6H-jXLpM0rJWkfUdVVeY-kw4MVkkFYXz36N_67Ts/gviz/tq?tqx=out:csv&sheet=Settings
TA_CGL,TA,https://docs.google.com/spreadsheets/d/1op-6H-jXLpM0rJWkfUdVVeY-kw4MVkkFYXz36N_67Ts/gviz/tq?tqx=out:csv&sheet=TA_CGL
TA_HCAL,TA,https://docs.google.com/spreadsheets/d/1op-6H-jXLpM0rJWkfUdVVeY-kw4MVkkFYXz36N_67Ts/gviz/tq?tqx=out:csv&sheet=TA_HCAL
TA_HDIV,TA,https://docs.google.com/spreadsheets/d/1op-6H-jXLpM0rJWkfUdVVeY-kw4MVkkFYXz36N_67Ts/gviz/tq?tqx=out:csv&sheet=TA_HDIV
TA_HED,TA,https://docs.google.com/spreadsheets/d/1op-6H-jXLpM0rJWkfUdVVeY-kw4MVkkFYXz36N_67Ts/gviz/tq?tqx=out:csv&sheet=TA_HED
TA_HEU,TA,https://docs.google.com/spreadsheets/d/1op-6H-jXLpM0rJWkfUdVVeY-kw4MVkkFYXz36N_67Ts/gviz/tq?tqx=out:csv&sheet=TA_HEU
TA_HGD,TA,https://docs.google.com/spreadsheets/d/1op-6H-jXLpM0rJWkfUdVVeY-kw4MVkkFYXz36N_67Ts/gviz/tq?tqx=out:csv&sheet=TA_HGD
TA_HGU,TA,https://docs.google.com/spreadsheets/d/1op-6H-jXLpM0rJWkfUdVVeY-kw4MVkkFYXz36N_67Ts/gviz/tq?tqx=out:csv&sheet=TA_HGU
TA_HMAX,TA,https://docs.google.com/spreadsheets/d/1op-6H-jXLpM0rJWkfUdVVeY-kw4MVkkFYXz36N_67Ts/gviz/tq?tqx=out:csv&sheet=TA_HMAX
TA_HND,TA,https://docs.google.com/spreadsheets/d/1op-6H-jXLpM0rJWkfUdVVeY-kw4MVkkFYXz36N_67Ts/gviz/tq?tqx=out:csv&sheet=TA_HND
TA_HNU,TA,https://docs.google.com/spreadsheets/d/1op-6H-jXLpM0rJWkfUdVVeY-kw4MVkkFYXz36N_67Ts/gviz/tq?tqx=out:csv&sheet=TA_HNU
TA_HOD,TA,https://docs.google.com/spreadsheets/d/1op-6H-jXLpM0rJWkfUdVVeY-kw4MVkkFYXz36N_67Ts/gviz/tq?tqx=out:csv&sheet=TA_HOD
TA_HOU,TA,https://docs.google.com/spreadsheets/d/1op-6H-jXLpM0rJWkfUdVVeY-kw4MVkkFYXz36N_67Ts/gviz/tq?tqx=out:csv&sheet=TA_HOU
TA_HQD,TA,https://docs.google.com/spreadsheets/d/1op-6H-jXLpM0rJWkfUdVVeY-kw4MVkkFYXz36N_67Ts/gviz/tq?tqx=out:csv&sheet=TA_HQD
TA_HQU,TA,https://docs.google.com/spreadsheets/d/1op-6H-jXLpM0rJWkfUdVVeY-kw4MVkkFYXz36N_67Ts/gviz/tq?tqx=out:csv&sheet=TA_HQU
TA_HUC,TA,https://docs.google.com/spreadsheets/d/1op-6H-jXLpM0rJWkfUdVVeY-kw4MVkkFYXz36N_67Ts/gviz/tq?tqx=out:csv&sheet=TA_HUC
TA_HURA,TA,https://docs.google.com/spreadsheets/d/1op-6H-jXLpM0rJWkfUdVVeY-kw4MVkkFYXz36N_67Ts/gviz/tq?tqx=out:csv&sheet=TA_HURA
TA_HXF,TA,https://docs.google.com/spreadsheets/d/1op-6H-jXLpM0rJWkfUdVVeY-kw4MVkkFYXz36N_67Ts/gviz/tq?tqx=out:csv&sheet=TA_HXF
TA_HXQ,TA,https://docs.google.com/spreadsheets/d/1op-6H-jXLpM0rJWkfUdVVeY-kw4MVkkFYXz36N_67Ts/gviz/tq?tqx=out:csv&sheet=TA_HXQ
TA_KILO,TA,https://docs.google.com/spreadsheets/d/1op-6H-jXLpM0rJWkfUdVVeY-kw4MVkkFYXz36N_67Ts/gviz/tq?tqx=out:csv&sheet=TA_KILO
TA_QQC-F,TA,https://docs.google.com/spreadsheets/d/1op-6H-jXLpM0rJWkfUdVVeY-kw4MVkkFYXz36N_67Ts/gviz/tq?tqx=out:csv&sheet=TA_QQC-F
TA_VCN,TA,https://docs.google.com/spreadsheets/d/1op-6H-jXLpM0rJWkfUdVVeY-kw4MVkkFYXz36N_67Ts/gviz/tq?tqx=out:csv&sheet=TA_VCN
TA_VDY,TA,https://docs.google.com/spreadsheets/d/1op-6H-jXLpM0rJWkfUdVVeY-kw4MVkkFYXz36N_67Ts/gviz/tq?tqx=out:csv&sheet=TA_VDY
TA_VFV,TA,https://docs.google.com/spreadsheets/d/1op-6H-jXLpM0rJWkfUdVVeY-kw4MVkkFYXz36N_67Ts/gviz/tq?tqx=out:csv&sheet=TA_VFV
TA_VUN,TA,https://docs.google.com/spreadsheets/d/1op-6H-jXLpM0rJWkfUdVVeY-kw4MVkkFYXz36N_67Ts/gviz/tq?tqx=out:csv&sheet=TA_VUN
TA_XBB,TA,https://docs.google.com/spreadsheets/d/1op-6H-jXLpM0rJWkfUdVVeY-kw4MVkkFYXz36N_67Ts/gviz/tq?tqx=out:csv&sheet=TA_XBB
TA_XEG,TA,https://docs.google.com/spreadsheets/d/1op-6H-jXLpM0rJWkfUdVVeY-kw4MVkkFYXz36N_67Ts/gviz/tq?tqx=out:csv&sheet=TA_XEG
TA_XEI,TA,https://docs.google.com/spreadsheets/d/1op-6H-jXLpM0rJWkfUdVVeY-kw4MVkkFYXz36N_67Ts/gviz/tq?tqx=out:csv&sheet=TA_XEI
TA_XFN,TA,https://docs.google.com/spreadsheets/d/1op-6H-jXLpM0rJWkfUdVVeY-kw4MVkkFYXz36N_67Ts/gviz/tq?tqx=out:csv&sheet=TA_XFN
TA_XGB,TA,https://docs.google.com/spreadsheets/d/1op-6H-jXLpM0rJWkfUdVVeY-kw4MVkkFYXz36N_67Ts/gviz/tq?tqx=out:csv&sheet=TA_XGB
TA_XIC,TA,https://docs.google.com/spreadsheets/d/1op-6H-jXLpM0rJWkfUdVVeY-kw4MVkkFYXz36N_67Ts/gviz/tq?tqx=out:csv&sheet=TA_XIC
TA_XIT,TA,https://docs.google.com/spreadsheets/d/1op-6H-jXLpM0rJWkfUdVVeY-kw4MVkkFYXz36N_67Ts/gviz/tq?tqx=out:csv&sheet=TA_XIT
TA_XIU,TA,https://docs.google.com/spreadsheets/d/1op-6H-jXLpM0rJWkfUdVVeY-kw4MVkkFYXz36N_67Ts/gviz/tq?tqx=out:csv&sheet=TA_XIU
TA_XLB,TA,https://docs.google.com/spreadsheets/d/1op-6H-jXLpM0rJWkfUdVVeY-kw4MVkkFYXz36N_67Ts/gviz/tq?tqx=out:csv&sheet=TA_XLB
TA_XMA,TA,https://docs.google.com/spreadsheets/d/1op-6H-jXLpM0rJWkfUdVVeY-kw4MVkkFYXz36N_67Ts/gviz/tq?tqx=out:csv&sheet=TA_XMA
TA_XQQ,TA,https://docs.google.com/spreadsheets/d/1op-6H-jXLpM0rJWkfUdVVeY-kw4MVkkFYXz36N_67Ts/gviz/tq?tqx=out:csv&sheet=TA_XQQ
TA_XRE,TA,https://docs.google.com/spreadsheets/d/1op-6H-jXLpM0rJWkfUdVVeY-kw4MVkkFYXz36N_67Ts/gviz/tq?tqx=out:csv&sheet=TA_XRE
TA_XSB,TA,https://docs.google.com/spreadsheets/d/1op-6H-jXLpM0rJWkfUdVVeY-kw4MVkkFYXz36N_67Ts/gviz/tq?tqx=out:csv&sheet=TA_XSB
TA_XUT,TA,https://docs.google.com/spreadsheets/d/1op-6H-jXLpM0rJWkfUdVVeY-kw4MVkkFYXz36N_67Ts/gviz/tq?tqx=out:csv&sheet=TA_XUT
TA_ZAG,TA,https://docs.google.com/spreadsheets/d/1op-6H-jXLpM0rJWkfUdVVeY-kw4MVkkFYXz36N_67Ts/gviz/tq?tqx=out:csv&sheet=TA_ZAG
TA_ZBK,TA,https://docs.google.com/spreadsheets/d/1op-6H-jXLpM0rJWkfUdVVeY-kw4MVkkFYXz36N_67Ts/gviz/tq?tqx=out:csv&sheet=TA_ZBK
TA_ZCN,TA,https://docs.google.com/spreadsheets/d/1op-6H-jXLpM0rJWkfUdVVeY-kw4MVkkFYXz36N_67Ts/gviz/tq?tqx=out:csv&sheet=TA_ZCN
TA_ZDV,TA,https://docs.google.com/spreadsheets/d/1op-6H-jXLpM0rJWkfUdVVeY-kw4MVkkFYXz36N_67Ts/gviz/tq?tqx=out:csv&sheet=TA_ZDV
TA_ZEB,TA,https://docs.google.com/spreadsheets/d/1op-6H-jXLpM0rJWkfUdVVeY-kw4MVkkFYXz36N_67Ts/gviz/tq?tqx=out:csv&sheet=TA_ZEB
TA_ZEO,TA,https://docs.google.com/spreadsheets/d/1op-6H-jXLpM0rJWkfUdVVeY-kw4MVkkFYXz36N_67Ts/gviz/tq?tqx=out:csv&sheet=TA_ZEO
TA_ZFL,TA,https://docs.google.com/spreadsheets/d/1op-6H-jXLpM0rJWkfUdVVeY-kw4MVkkFYXz36N_67Ts/gviz/tq?tqx=out:csv&sheet=TA_ZFL
TA_ZLB,TA,https://docs.google.com/spreadsheets/d/1op-6H-jXLpM0rJWkfUdVVeY-kw4MVkkFYXz36N_67Ts/gviz/tq?tqx=out:csv&sheet=TA_ZLB
TA_ZLU,TA,https://docs.google.com/spreadsheets/d/1op-6H-jXLpM0rJWkfUdVVeY-kw4MVkkFYXz36N_67Ts/gviz/tq?tqx=out:csv&sheet=TA_ZLU
TA_ZQQ,TA,https://docs.google.com/spreadsheets/d/1op-6H-jXLpM0rJWkfUdVVeY-kw4MVkkFYXz36N_67Ts/gviz/tq?tqx=out:csv&sheet=TA_ZQQ
TA_ZRE,TA,https://docs.google.com/spreadsheets/d/1op-6H-jXLpM0rJWkfUdVVeY-kw4MVkkFYXz36N_67Ts/gviz/tq?tqx=out:csv&sheet=TA_ZRE
TA_ZSP,TA,https://docs.google.com/spreadsheets/d/1op-6H-jXLpM0rJWkfUdVVeY-kw4MVkkFYXz36N_67Ts/gviz/tq?tqx=out:csv&sheet=TA_ZSP
TA_ZUT,TA,https://docs.google.com/spreadsheets/d/1op-6H-jXLpM0rJWkfUdVVeY-kw4MVkkFYXz36N_67Ts/gviz/tq?tqx=out:csv&sheet=TA_ZUT
TA_ZWC,TA,https://docs.google.com/spreadsheets/d/1op-6H-jXLpM0rJWkfUdVVeY-kw4MVkkFYXz36N_67Ts/gviz/tq?tqx=out:csv&sheet=TA_ZWC
H_CGL,H,https://docs.google.com/spreadsheets/d/1op-6H-jXLpM0rJWkfUdVVeY-kw4MVkkFYXz36N_67Ts/gviz/tq?tqx=out:csv&sheet=H_CGL
H_HCAL,H,https://docs.google.com/spreadsheets/d/1op-6H-jXLpM0rJWkfUdVVeY-kw4MVkkFYXz36N_67Ts/gviz/tq?tqx=out:csv&sheet=H_HCAL
H_HDIV,H,https://docs.google.com/spreadsheets/d/1op-6H-jXLpM0rJWkfUdVVeY-kw4MVkkFYXz36N_67Ts/gviz/tq?tqx=out:csv&sheet=H_HDIV
H_HED,H,https://docs.google.com/spreadsheets/d/1op-6H-jXLpM0rJWkfUdVVeY-kw4MVkkFYXz36N_67Ts/gviz/tq?tqx=out:csv&sheet=H_HED
H_HEU,H,https://docs.google.com/spreadsheets/d/1op-6H-jXLpM0rJWkfUdVVeY-kw4MVkkFYXz36N_67Ts/gviz/tq?tqx=out:csv&sheet=H_HEU
H_HGD,H,https://docs.google.com/spreadsheets/d/1op-6H-jXLpM0rJWkfUdVVeY-kw4MVkkFYXz36N_67Ts/gviz/tq?tqx=out:csv&sheet=H_HGD
H_HGU,H,https://docs.google.com/spreadsheets/d/1op-6H-jXLpM0rJWkfUdVVeY-kw4MVkkFYXz36N_67Ts/gviz/tq?tqx=out:csv&sheet=H_HGU
H_HMAX,H,https://docs.google.com/spreadsheets/d/1op-6H-jXLpM0rJWkfUdVVeY-kw4MVkkFYXz36N_67Ts/gviz/tq?tqx=out:csv&sheet=H_HMAX
H_HND,H,https://docs.google.com/spreadsheets/d/1op-6H-jXLpM0rJWkfUdVVeY-kw4MVkkFYXz36N_67Ts/gviz/tq?tqx=out:csv&sheet=H_HND
H_HNU,H,https://docs.google.com/spreadsheets/d/1op-6H-jXLpM0rJWkfUdVVeY-kw4MVkkFYXz36N_67Ts/gviz/tq?tqx=out:csv&sheet=H_HNU
H_HOD,H,https://docs.google.com/spreadsheets/d/1op-6H-jXLpM0rJWkfUdVVeY-kw4MVkkFYXz36N_67Ts/gviz/tq?tqx=out:csv&sheet=H_HOD
H_HOU,H,https://docs.google.com/spreadsheets/d/1op-6H-jXLpM0rJWkfUdVVeY-kw4MVkkFYXz36N_67Ts/gviz/tq?tqx=out:csv&sheet=H_HOU
H_HQD,H,https://docs.google.com/spreadsheets/d/1op-6H-jXLpM0rJWkfUdVVeY-kw4MVkkFYXz36N_67Ts/gviz/tq?tqx=out:csv&sheet=H_HQD
H_HQU,H,https://docs.google.com/spreadsheets/d/1op-6H-jXLpM0rJWkfUdVVeY-kw4MVkkFYXz36N_67Ts/gviz/tq?tqx=out:csv&sheet=H_HQU
H_HUC,H,https://docs.google.com/spreadsheets/d/1op-6H-jXLpM0rJWkfUdVVeY-kw4MVkkFYXz36N_67Ts/gviz/tq?tqx=out:csv&sheet=H_HUC
H_HURA,H,https://docs.google.com/spreadsheets/d/1op-6H-jXLpM0rJWkfUdVVeY-kw4MVkkFYXz36N_67Ts/gviz/tq?tqx=out:csv&sheet=H_HURA
H_HXF,H,https://docs.google.com/spreadsheets/d/1op-6H-jXLpM0rJWkfUdVVeY-kw4MVkkFYXz36N_67Ts/gviz/tq?tqx=out:csv&sheet=H_HXF
H_HXQ,H,https://docs.google.com/spreadsheets/d/1op-6H-jXLpM0rJWkfUdVVeY-kw4MVkkFYXz36N_67Ts/gviz/tq?tqx=out:csv&sheet=H_HXQ
H_KILO,H,https://docs.google.com/spreadsheets/d/1op-6H-jXLpM0rJWkfUdVVeY-kw4MVkkFYXz36N_67Ts/gviz/tq?tqx=out:csv&sheet=H_KILO
H_QQC-F,H,https://docs.google.com/spreadsheets/d/1op-6H-jXLpM0rJWkfUdVVeY-kw4MVkkFYXz36N_67Ts/gviz/tq?tqx=out:csv&sheet=H_QQC-F
H_VCN,H,https://docs.google.com/spreadsheets/d/1op-6H-jXLpM0rJWkfUdVVeY-kw4MVkkFYXz36N_67Ts/gviz/tq?tqx=out:csv&sheet=H_VCN
H_VDY,H,https://docs.google.com/spreadsheets/d/1op-6H-jXLpM0rJWkfUdVVeY-kw4MVkkFYXz36N_67Ts/gviz/tq?tqx=out:csv&sheet=H_VDY
H_VFV,H,https://docs.google.com/spreadsheets/d/1op-6H-jXLpM0rJWkfUdVVeY-kw4MVkkFYXz36N_67Ts/gviz/tq?tqx=out:csv&sheet=H_VFV
H_VUN,H,https://docs.google.com/spreadsheets/d/1op-6H-jXLpM0rJWkfUdVVeY-kw4MVkkFYXz36N_67Ts/gviz/tq?tqx=out:csv&sheet=H_VUN
H_XBB,H,https://docs.google.com/spreadsheets/d/1op-6H-jXLpM0rJWkfUdVVeY-kw4MVkkFYXz36N_67Ts/gviz/tq?tqx=out:csv&sheet=H_XBB
H_XEG,H,https://docs.google.com/spreadsheets/d/1op-6H-jXLpM0rJWkfUdVVeY-kw4MVkkFYXz36N_67Ts/gviz/tq?tqx=out:csv&sheet=H_XEG
H_XEI,H,https://docs.google.com/spreadsheets/d/1op-6H-jXLpM0rJWkfUdVVeY-kw4MVkkFYXz36N_67Ts/gviz/tq?tqx=out:csv&sheet=H_XEI
H_XFN,H,https://docs.google.com/spreadsheets/d/1op-6H-jXLpM0rJWkfUdVVeY-kw4MVkkFYXz36N_67Ts/gviz/tq?tqx=out:csv&sheet=H_XFN
H_XGB,H,https://docs.google.com/spreadsheets/d/1op-6H-jXLpM0rJWkfUdVVeY-kw4MVkkFYXz36N_67Ts/gviz/tq?tqx=out:csv&sheet=H_XGB
H_XIC,H,https://docs.google.com/spreadsheets/d/1op-6H-jXLpM0rJWkfUdVVeY-kw4MVkkFYXz36N_67Ts/gviz/tq?tqx=out:csv&sheet=H_XIC
H_XIT,H,https://docs.google.com/spreadsheets/d/1op-6H-jXLpM0rJWkfUdVVeY-kw4MVkkFYXz36N_67Ts/gviz/tq?tqx=out:csv&sheet=H_XIT
H_XIU,H,https://docs.google.com/spreadsheets/d/1op-6H-jXLpM0rJWkfUdVVeY-kw4MVkkFYXz36N_67Ts/gviz/tq?tqx=out:csv&sheet=H_XIU
H_XLB,H,https://docs.google.com/spreadsheets/d/1op-6H-jXLpM0rJWkfUdVVeY-kw4MVkkFYXz36N_67Ts/gviz/tq?tqx=out:csv&sheet=H_XLB
H_XMA,H,https://docs.google.com/spreadsheets/d/1op-6H-jXLpM0rJWkfUdVVeY-kw4MVkkFYXz36N_67Ts/gviz/tq?tqx=out:csv&sheet=H_XMA
H_XQQ,H,https://docs.google.com/spreadsheets/d/1op-6H-jXLpM0rJWkfUdVVeY-kw4MVkkFYXz36N_67Ts/gviz/tq?tqx=out:csv&sheet=H_XQQ
H_XRE,H,https://docs.google.com/spreadsheets/d/1op-6H-jXLpM0rJWkfUdVVeY-kw4MVkkFYXz36N_67Ts/gviz/tq?tqx=out:csv&sheet=H_XRE
H_XSB,H,https://docs.google.com/spreadsheets/d/1op-6H-jXLpM0rJWkfUdVVeY-kw4MVkkFYXz36N_67Ts/gviz/tq?tqx=out:csv&sheet=H_XSB
H_XUT,H,https://docs.google.com/spreadsheets/d/1op-6H-jXLpM0rJWkfUdVVeY-kw4MVkkFYXz36N_67Ts/gviz/tq?tqx=out:csv&sheet=H_XUT
H_ZAG,H,https://docs.google.com/spreadsheets/d/1op-6H-jXLpM0rJWkfUdVVeY-kw4MVkkFYXz36N_67Ts/gviz/tq?tqx=out:csv&sheet=H_ZAG
H_ZBK,H,https://docs.google.com/spreadsheets/d/1op-6H-jXLpM0rJWkfUdVVeY-kw4MVkkFYXz36N_67Ts/gviz/tq?tqx=out:csv&sheet=H_ZBK
H_ZCN,H,https://docs.google.com/spreadsheets/d/1op-6H-jXLpM0rJWkfUdVVeY-kw4MVkkFYXz36N_67Ts/gviz/tq?tqx=out:csv&sheet=H_ZCN
H_ZDV,H,https://docs.google.com/spreadsheets/d/1op-6H-jXLpM0rJWkfUdVVeY-kw4MVkkFYXz36N_67Ts/gviz/tq?tqx=out:csv&sheet=H_ZDV
H_ZEB,H,https://docs.google.com/spreadsheets/d/1op-6H-jXLpM0rJWkfUdVVeY-kw4MVkkFYXz36N_67Ts/gviz/tq?tqx=out:csv&sheet=H_ZEB
H_ZEO,H,https://docs.google.com/spreadsheets/d/1op-6H-jXLpM0rJWkfUdVVeY-kw4MVkkFYXz36N_67Ts/gviz/tq?tqx=out:csv&sheet=H_ZEO
H_ZFL,H,https://docs.google.com/spreadsheets/d/1op-6H-jXLpM0rJWkfUdVVeY-kw4MVkkFYXz36N_67Ts/gviz/tq?tqx=out:csv&sheet=H_ZFL
H_ZLB,H,https://docs.google.com/spreadsheets/d/1op-6H-jXLpM0rJWkfUdVVeY-kw4MVkkFYXz36N_67Ts/gviz/tq?tqx=out:csv&sheet=H_ZLB
H_ZLU,H,https://docs.google.com/spreadsheets/d/1op-6H-jXLpM0rJWkfUdVVeY-kw4MVkkFYXz36N_67Ts/gviz/tq?tqx=out:csv&sheet=H_ZLU
H_ZQQ,H,https://docs.google.com/spreadsheets/d/1op-6H-jXLpM0rJWkfUdVVeY-kw4MVkkFYXz36N_67Ts/gviz/tq?tqx=out:csv&sheet=H_ZQQ
H_ZRE,H,https://docs.google.com/spreadsheets/d/1op-6H-jXLpM0rJWkfUdVVeY-kw4MVkkFYXz36N_67Ts/gviz/tq?tqx=out:csv&sheet=H_ZRE
H_ZSP,H,https://docs.google.com/spreadsheets/d/1op-6H-jXLpM0rJWkfUdVVeY-kw4MVkkFYXz36N_67Ts/gviz/tq?tqx=out:csv&sheet=H_ZSP
H_ZUT,H,https://docs.google.com/spreadsheets/d/1op-6H-jXLpM0rJWkfUdVVeY-kw4MVkkFYXz36N_67Ts/gviz/tq?tqx=out:csv&sheet=H_ZUT
H_ZWC,H,https://docs.google.com/spreadsheets/d/1op-6H-jXLpM0rJWkfUdVVeY-kw4MVkkFYXz36N_67Ts/gviz/tq?tqx=out:csv&sheet=H_ZWC
