"Symbol","Settings","Date","Open","High","Low","Close","Volume"
"CGL","Ex:TSE | Src:Google","2022-09-29","13.480","13.530","13.380","13.490","9906"
"CGL","Ex:TSE | Src:Google","2022-09-30","13.500","13.630","13.480","13.490","81733"
"CGL","Ex:TSE | Src:Google","2022-10-03","13.550","13.840","13.550","13.840","24479"
"CGL","Ex:TSE | Src:Google","2022-10-04","13.890","14.030","13.890","14.000","20097"
"CGL","Ex:TSE | Src:Google","2022-10-05","13.880","13.990","13.850","13.980","15034"
"CGL","Ex:TSE | Src:Google","2022-10-06","13.910","13.960","13.910","13.930","18066"
"CGL","Ex:TSE | Src:Google","2022-10-07","13.840","13.860","13.710","13.710","60533"
"CGL","Ex:TSE | Src:Google","2022-10-11","13.550","13.680","13.530","13.590","110014"
"CGL","Ex:TSE | Src:Google","2022-10-12","13.570","13.620","13.560","13.570","56353"
"CGL","Ex:TSE | Src:Google","2022-10-13","13.360","13.610","13.360","13.520","32296"
"CGL","Ex:TSE | Src:Google","2022-10-14","13.430","13.430","13.340","13.340","93248"
"CGL","Ex:TSE | Src:Google","2022-10-17","13.520","13.540","13.370","13.370","22716"
"CGL","Ex:TSE | Src:Google","2022-10-18","13.470","13.470","13.380","13.410","29801"
"CGL","Ex:TSE | Src:Google","2022-10-19","13.270","13.290","13.230","13.240","7674"
"CGL","Ex:TSE | Src:Google","2022-10-20","13.240","13.370","13.230","13.250","62979"
"CGL","Ex:TSE | Src:Google","2022-10-21","13.270","13.480","13.270","13.460","18159"
"CGL","Ex:TSE | Src:Google","2022-10-24","13.390","13.460","13.380","13.430","14134"
"CGL","Ex:TSE | Src:Google","2022-10-25","13.460","13.480","13.390","13.420","73672"
"CGL","Ex:TSE | Src:Google","2022-10-26","13.490","13.600","13.490","13.510","6093"
"CGL","Ex:TSE | Src:Google","2022-10-27","13.550","13.550","13.460","13.490","6574"
"CGL","Ex:TSE | Src:Google","2022-10-28","13.340","13.360","13.320","13.360","12232"
"CGL","Ex:TSE | Src:Google","2022-10-31","13.280","13.360","13.230","13.240","69028"
"CGL","Ex:TSE | Src:Google","2022-11-01","13.420","13.420","13.310","13.310","18689"
"CGL","Ex:TSE | Src:Google","2022-11-02","13.450","13.560","13.310","13.320","18420"
"CGL","Ex:TSE | Src:Google","2022-11-03","13.130","13.260","13.130","13.230","39889"
"CGL","Ex:TSE | Src:Google","2022-11-04","13.520","13.680","13.520","13.650","21662"
"CGL","Ex:TSE | Src:Google","2022-11-07","13.640","13.680","13.590","13.590","34848"
"CGL","Ex:TSE | Src:Google","2022-11-08","13.600","13.950","13.600","13.900","39299"
"CGL","Ex:TSE | Src:Google","2022-11-09","13.890","13.970","13.850","13.850","24281"
"CGL","Ex:TSE | Src:Google","2022-11-10","14.150","14.230","14.090","14.230","55920"
"CGL","Ex:TSE | Src:Google","2022-11-11","14.300","14.390","14.300","14.390","62462"
"CGL","Ex:TSE | Src:Google","2022-11-14","14.320","14.410","14.320","14.390","25715"
"CGL","Ex:TSE | Src:Google","2022-11-15","14.350","14.440","14.340","14.420","43551"
"CGL","Ex:TSE | Src:Google","2022-11-16","14.400","14.430","14.350","14.370","44937"
"CGL","Ex:TSE | Src:Google","2022-11-17","14.220","14.300","14.220","14.280","34490"
"CGL","Ex:TSE | Src:Google","2022-11-18","14.250","14.260","14.170","14.180","47643"
"CGL","Ex:TSE | Src:Google","2022-11-21","14.210","14.210","14.060","14.090","48510"
"CGL","Ex:TSE | Src:Google","2022-11-22","14.150","14.190","14.100","14.160","46479"
"CGL","Ex:TSE | Src:Google","2022-11-23","14.120","14.240","14.100","14.220","25630"
"CGL","Ex:TSE | Src:Google","2022-11-24","14.340","14.340","14.190","14.260","25724"
"CGL","Ex:TSE | Src:Google","2022-11-25","14.130","14.220","14.110","14.120","13011"
"CGL","Ex:TSE | Src:Google","2022-11-28","14.170","14.190","14.120","14.130","14293"
"CGL","Ex:TSE | Src:Google","2022-11-29","14.180","14.240","14.170","14.180","29788"
"CGL","Ex:TSE | Src:Google","2022-11-30","14.250","14.340","14.170","14.330","32681"
"CGL","Ex:TSE | Src:Google","2022-12-01","14.550","14.620","14.540","14.600","55349"
"CGL","Ex:TSE | Src:Google","2022-12-02","14.430","14.610","14.430","14.570","29254"
"CGL","Ex:TSE | Src:Google","2022-12-05","14.490","14.500","14.320","14.320","21266"
"CGL","Ex:TSE | Src:Google","2022-12-06","14.400","14.400","14.330","14.350","10809"
"CGL","Ex:TSE | Src:Google","2022-12-07","14.390","14.520","14.390","14.520","22545"
"CGL","Ex:TSE | Src:Google","2022-12-08","14.550","14.550","14.480","14.510","6397"
"CGL","Ex:TSE | Src:Google","2022-12-09","14.540","14.640","14.540","14.570","11839"
"CGL","Ex:TSE | Src:Google","2022-12-12","14.520","14.520","14.420","14.420","7217"
"CGL","Ex:TSE | Src:Google","2022-12-13","14.720","14.780","14.650","14.680","47200"
"CGL","Ex:TSE | Src:Google","2022-12-14","14.690","14.720","14.600","14.680","28546"
"CGL","Ex:TSE | Src:Google","2022-12-15","14.500","14.500","14.400","14.400","8296"
"CGL","Ex:TSE | Src:Google","2022-12-16","14.450","14.550","14.450","14.550","25126"
"CGL","Ex:TSE | Src:Google","2022-12-19","14.500","14.550","14.490","14.510","11980"
"CGL","Ex:TSE | Src:Google","2022-12-20","14.620","14.760","14.620","14.730","33084"
"CGL","Ex:TSE | Src:Google","2022-12-21","14.700","14.760","14.680","14.680","29056"
"CGL","Ex:TSE | Src:Google","2022-12-22","14.650","14.650","14.470","14.520","18163"
"CGL","Ex:TSE | Src:Google","2022-12-23","14.510","14.610","14.510","14.540","68804"
"CGL","Ex:TSE | Src:Google","2022-12-28","14.600","14.640","14.580","14.600","15550"
"CGL","Ex:TSE | Src:Google","2022-12-29","14.650","14.740","14.650","14.710","8867"
"CGL","Ex:TSE | Src:Google","2022-12-30","14.750","14.830","14.720","14.830","53265"
"CGL","Ex:TSE | Src:Google","2023-01-03","14.890","15.000","14.830","14.940","49048"
"CGL","Ex:TSE | Src:Google","2023-01-04","15.040","15.070","14.980","15.030","16396"
"CGL","Ex:TSE | Src:Google","2023-01-05","14.930","14.930","14.800","14.880","10760"
"CGL","Ex:TSE | Src:Google","2023-01-06","14.930","15.130","14.930","15.110","28113"
"CGL","Ex:TSE | Src:Google","2023-01-09","15.180","15.240","15.150","15.180","24731"
"CGL","Ex:TSE | Src:Google","2023-01-10","15.190","15.240","15.160","15.240","24201"
"CGL","Ex:TSE | Src:Google","2023-01-11","15.250","15.250","15.120","15.240","29448"
"CGL","Ex:TSE | Src:Google","2023-01-12","15.300","15.410","15.250","15.400","48320"
"CGL","Ex:TSE | Src:Google","2023-01-13","15.360","15.590","15.360","15.590","28860"
"CGL","Ex:TSE | Src:Google","2023-01-16","15.520","15.610","15.460","15.580","26127"
"CGL","Ex:TSE | Src:Google","2023-01-17","15.540","15.550","15.460","15.520","66427"
"CGL","Ex:TSE | Src:Google","2023-01-18","15.590","15.590","15.380","15.390","47296"
"CGL","Ex:TSE | Src:Google","2023-01-19","15.490","15.690","15.490","15.690","29186"
"CGL","Ex:TSE | Src:Google","2023-01-20","15.620","15.630","15.560","15.580","53724"
"CGL","Ex:TSE | Src:Google","2023-01-23","15.520","15.650","15.470","15.650","32469"
"CGL","Ex:TSE | Src:Google","2023-01-24","15.660","15.710","15.580","15.710","34731"
"CGL","Ex:TSE | Src:Google","2023-01-25","15.580","15.770","15.580","15.770","49587"
"CGL","Ex:TSE | Src:Google","2023-01-26","15.720","15.720","15.550","15.640","25384"
"CGL","Ex:TSE | Src:Google","2023-01-27","15.590","15.660","15.530","15.630","28610"
"CGL","Ex:TSE | Src:Google","2023-01-30","15.570","15.610","15.550","15.580","24364"
"CGL","Ex:TSE | Src:Google","2023-01-31","15.540","15.640","15.540","15.570","40343"
"CGL","Ex:TSE | Src:Google","2023-02-01","15.620","15.800","15.540","15.800","51386"
"CGL","Ex:TSE | Src:Google","2023-02-02","15.790","15.790","15.490","15.520","103667"
"CGL","Ex:TSE | Src:Google","2023-02-03","15.260","15.260","15.100","15.130","48257"
"CGL","Ex:TSE | Src:Google","2023-02-06","15.130","15.180","15.080","15.130","40041"
"CGL","Ex:TSE | Src:Google","2023-02-07","15.160","15.230","15.100","15.160","68632"
"CGL","Ex:TSE | Src:Google","2023-02-08","15.190","15.200","15.140","15.150","17577"
"CGL","Ex:TSE | Src:Google","2023-02-09","15.290","15.290","15.020","15.060","8473"
"CGL","Ex:TSE | Src:Google","2023-02-10","15.140","15.140","15.030","15.080","5980"
"CGL","Ex:TSE | Src:Google","2023-02-13","15.020","15.030","14.980","14.990","40479"
"CGL","Ex:TSE | Src:Google","2023-02-14","14.930","15.040","14.930","15.040","6974"
"CGL","Ex:TSE | Src:Google","2023-02-15","14.820","14.890","14.810","14.860","21583"
"CGL","Ex:TSE | Src:Google","2023-02-16","14.840","14.910","14.800","14.860","6147"
"CGL","Ex:TSE | Src:Google","2023-02-17","14.750","14.920","14.750","14.900","14450"
"CGL","Ex:TSE | Src:Google","2023-02-21","14.900","14.910","14.800","14.830","15593"
"CGL","Ex:TSE | Src:Google","2023-02-22","14.840","14.870","14.750","14.780","13352"
"CGL","Ex:TSE | Src:Google","2023-02-23","14.740","14.760","14.710","14.760","7792"
"CGL","Ex:TSE | Src:Google","2023-02-24","14.590","14.660","14.590","14.620","9570"
"CGL","Ex:TSE | Src:Google","2023-02-27","14.700","14.700","14.650","14.650","14038"
"CGL","Ex:TSE | Src:Google","2023-02-28","14.680","14.780","14.680","14.740","31051"
"CGL","Ex:TSE | Src:Google","2023-03-01","14.820","14.860","14.810","14.820","6589"
"CGL","Ex:TSE | Src:Google","2023-03-02","14.800","14.840","14.790","14.820","14855"
"CGL","Ex:TSE | Src:Google","2023-03-03","14.860","14.980","14.860","14.970","4468"
"CGL","Ex:TSE | Src:Google","2023-03-06","14.960","14.960","14.900","14.910","12219"
"CGL","Ex:TSE | Src:Google","2023-03-07","14.840","14.840","14.640","14.660","13865"
"CGL","Ex:TSE | Src:Google","2023-03-08","14.630","14.700","14.630","14.630","10113"
"CGL","Ex:TSE | Src:Google","2023-03-09","14.730","14.810","14.730","14.810","10944"
"CGL","Ex:TSE | Src:Google","2023-03-10","15.000","15.140","14.970","15.140","118651"
"CGL","Ex:TSE | Src:Google","2023-03-13","15.400","15.490","15.350","15.470","125518"
"CGL","Ex:TSE | Src:Google","2023-03-14","15.470","15.470","15.340","15.340","51207"
"CGL","Ex:TSE | Src:Google","2023-03-15","15.530","15.660","15.450","15.480","43433"
"CGL","Ex:TSE | Src:Google","2023-03-16","15.630","15.630","15.460","15.500","22949"
"CGL","Ex:TSE | Src:Google","2023-03-17","15.710","16.040","15.710","15.950","55860"
"CGL","Ex:TSE | Src:Google","2023-03-20","15.980","16.020","15.870","16.000","41583"
"CGL","Ex:TSE | Src:Google","2023-03-21","15.920","15.920","15.640","15.650","91915"
"CGL","Ex:TSE | Src:Google","2023-03-22","15.700","15.950","15.670","15.940","29053"
"CGL","Ex:TSE | Src:Google","2023-03-23","16.000","16.180","15.980","16.170","68231"
"CGL","Ex:TSE | Src:Google","2023-03-24","16.150","16.180","15.970","15.970","48147"
"CGL","Ex:TSE | Src:Google","2023-03-27","15.800","15.830","15.750","15.800","58349"
"CGL","Ex:TSE | Src:Google","2023-03-28","15.810","15.960","15.810","15.950","22320"
"CGL","Ex:TSE | Src:Google","2023-03-29","15.890","15.930","15.860","15.890","26474"
"CGL","Ex:TSE | Src:Google","2023-03-30","15.850","16.100","15.850","16.100","57775"
"CGL","Ex:TSE | Src:Google","2023-03-31","16.040","16.040","15.890","15.940","54218"
"CGL","Ex:TSE | Src:Google","2023-04-03","15.900","16.080","15.890","16.010","63960"
"CGL","Ex:TSE | Src:Google","2023-04-04","16.020","16.340","16.020","16.340","153709"
"CGL","Ex:TSE | Src:Google","2023-04-05","16.330","16.380","16.240","16.300","38552"
"CGL","Ex:TSE | Src:Google","2023-04-06","16.260","16.270","16.180","16.210","57098"
"CGL","Ex:TSE | Src:Google","2023-04-10","16.100","16.100","16.040","16.090","22884"
"CGL","Ex:TSE | Src:Google","2023-04-11","16.140","16.190","16.140","16.160","12516"
"CGL","Ex:TSE | Src:Google","2023-04-12","16.310","16.310","16.180","16.280","31023"
"CGL","Ex:TSE | Src:Google","2023-04-13","16.450","16.500","16.440","16.500","860494"
"CGL","Ex:TSE | Src:Google","2023-04-14","16.360","16.360","16.110","16.190","29043"
"CGL","Ex:TSE | Src:Google","2023-04-17","16.160","16.160","16.010","16.140","43745"
"CGL","Ex:TSE | Src:Google","2023-04-18","16.110","16.240","16.110","16.210","99024"
"CGL","Ex:TSE | Src:Google","2023-04-19","16.020","16.120","15.980","16.110","24512"
"CGL","Ex:TSE | Src:Google","2023-04-20","16.130","16.250","16.130","16.190","13964"
"CGL","Ex:TSE | Src:Google","2023-04-21","16.050","16.100","15.930","16.030","36036"
"CGL","Ex:TSE | Src:Google","2023-04-24","15.970","16.050","15.940","16.030","58255"
"CGL","Ex:TSE | Src:Google","2023-04-25","16.050","16.140","16.010","16.100","42938"
"CGL","Ex:TSE | Src:Google","2023-04-26","16.170","16.170","16.020","16.040","15206"
"CGL","Ex:TSE | Src:Google","2023-04-27","16.010","16.070","15.930","16.060","30340"
"CGL","Ex:TSE | Src:Google","2023-04-28","16.020","16.080","15.990","16.070","14091"
"CGL","Ex:TSE | Src:Google","2023-05-01","16.190","16.190","15.990","16.010","46969"
"CGL","Ex:TSE | Src:Google","2023-05-02","16.060","16.280","16.050","16.270","89064"
"CGL","Ex:TSE | Src:Google","2023-05-03","16.320","16.420","16.260","16.420","62727"
"CGL","Ex:TSE | Src:Google","2023-05-04","16.410","16.610","16.410","16.550","38738"
"CGL","Ex:TSE | Src:Google","2023-05-05","16.170","16.310","16.140","16.310","45587"
"CGL","Ex:TSE | Src:Google","2023-05-08","16.350","16.370","16.310","16.320","12114"
"CGL","Ex:TSE | Src:Google","2023-05-09","16.290","16.450","16.290","16.420","56871"
"CGL","Ex:TSE | Src:Google","2023-05-10","16.430","16.470","16.330","16.420","19650"
"CGL","Ex:TSE | Src:Google","2023-05-11","16.390","16.390","16.230","16.260","88371"
"CGL","Ex:TSE | Src:Google","2023-05-12","16.260","16.300","16.190","16.200","22872"
"CGL","Ex:TSE | Src:Google","2023-05-15","16.230","16.310","16.230","16.260","25683"
"CGL","Ex:TSE | Src:Google","2023-05-16","16.180","16.200","16.030","16.030","18822"
"CGL","Ex:TSE | Src:Google","2023-05-17","16.040","16.040","15.960","16.020","18578"
"CGL","Ex:TSE | Src:Google","2023-05-18","15.810","15.820","15.760","15.820","51563"
"CGL","Ex:TSE | Src:Google","2023-05-19","15.820","15.970","15.800","15.930","16533"
"CGL","Ex:TSE | Src:Google","2023-05-23","15.840","15.950","15.840","15.950","35451"
"CGL","Ex:TSE | Src:Google","2023-05-24","15.950","15.950","15.780","15.780","16537"
"CGL","Ex:TSE | Src:Google","2023-05-25","15.710","15.730","15.640","15.670","30810"
"CGL","Ex:TSE | Src:Google","2023-05-26","15.690","15.710","15.650","15.710","4936"
"CGL","Ex:TSE | Src:Google","2023-05-29","15.900","15.900","15.540","15.540","77407"
"CGL","Ex:TSE | Src:Google","2023-05-30","15.730","15.810","15.720","15.780","84730"
"CGL","Ex:TSE | Src:Google","2023-05-31","15.820","15.900","15.800","15.870","66890"
"CGL","Ex:TSE | Src:Google","2023-06-01","15.870","15.980","15.870","15.920","15974"
"CGL","Ex:TSE | Src:Google","2023-06-02","15.900","15.910","15.690","15.690","34620"
"CGL","Ex:TSE | Src:Google","2023-06-05","15.670","15.840","15.660","15.830","15601"
"CGL","Ex:TSE | Src:Google","2023-06-06","15.850","15.850","15.770","15.800","34177"
"CGL","Ex:TSE | Src:Google","2023-06-07","15.800","15.850","15.630","15.660","32082"
"CGL","Ex:TSE | Src:Google","2023-06-08","15.770","15.860","15.770","15.810","40339"
"CGL","Ex:TSE | Src:Google","2023-06-09","15.790","15.820","15.770","15.780","11759"
"CGL","Ex:TSE | Src:Google","2023-06-12","15.800","15.800","15.710","15.800","24229"
"CGL","Ex:TSE | Src:Google","2023-06-13","15.820","15.820","15.610","15.630","19635"
"CGL","Ex:TSE | Src:Google","2023-06-14","15.730","15.780","15.650","15.670","19026"
"CGL","Ex:TSE | Src:Google","2023-06-15","15.610","15.770","15.610","15.760","17363"
"CGL","Ex:TSE | Src:Google","2023-06-16","15.760","15.820","15.730","15.760","23509"
"CGL","Ex:TSE | Src:Google","2023-06-19","15.660","15.710","15.660","15.680","19870"
"CGL","Ex:TSE | Src:Google","2023-06-20","15.590","15.620","15.550","15.620","24547"
"CGL","Ex:TSE | Src:Google","2023-06-21","15.520","15.590","15.490","15.560","16528"
"CGL","Ex:TSE | Src:Google","2023-06-22","15.450","15.500","15.410","15.410","10257"
"CGL","Ex:TSE | Src:Google","2023-06-23","15.520","15.580","15.430","15.430","13914"
"CGL","Ex:TSE | Src:Google","2023-06-26","15.500","15.510","15.460","15.460","20011"
"CGL","Ex:TSE | Src:Google","2023-06-27","15.500","15.530","15.390","15.390","27052"
"CGL","Ex:TSE | Src:Google","2023-06-28","15.390","15.400","15.340","15.370","14332"
"CGL","Ex:TSE | Src:Google","2023-06-29","15.250","15.410","15.250","15.340","21610"
"CGL","Ex:TSE | Src:Google","2023-06-30","15.380","15.470","15.380","15.440","5404"
"CGL","Ex:TSE | Src:Google","2023-07-04","15.390","15.500","15.390","15.430","40265"
"CGL","Ex:TSE | Src:Google","2023-07-05","15.520","15.520","15.400","15.410","12077"
"CGL","Ex:TSE | Src:Google","2023-07-06","15.330","15.410","15.330","15.370","14936"
"CGL","Ex:TSE | Src:Google","2023-07-07","15.440","15.550","15.440","15.470","10487"
"CGL","Ex:TSE | Src:Google","2023-07-10","15.430","15.510","15.430","15.500","7293"
"CGL","Ex:TSE | Src:Google","2023-07-11","15.540","15.560","15.530","15.530","17406"
"CGL","Ex:TSE | Src:Google","2023-07-12","15.680","15.770","15.680","15.750","15045"
"CGL","Ex:TSE | Src:Google","2023-07-13","15.780","15.780","15.720","15.760","15337"
"CGL","Ex:TSE | Src:Google","2023-07-14","15.720","15.780","15.700","15.740","22662"
"CGL","Ex:TSE | Src:Google","2023-07-17","15.710","15.730","15.660","15.720","5492"
"CGL","Ex:TSE | Src:Google","2023-07-18","15.860","15.950","15.850","15.900","26603"
"CGL","Ex:TSE | Src:Google","2023-07-19","15.890","15.930","15.850","15.900","48727"
"CGL","Ex:TSE | Src:Google","2023-07-20","15.920","15.920","15.820","15.830","9467"
"CGL","Ex:TSE | Src:Google","2023-07-21","15.800","15.820","15.760","15.790","9963"
"CGL","Ex:TSE | Src:Google","2023-07-24","15.780","15.820","15.720","15.720","6379"
"CGL","Ex:TSE | Src:Google","2023-07-25","15.750","15.820","15.740","15.800","30263"
"CGL","Ex:TSE | Src:Google","2023-07-26","15.800","15.910","15.800","15.890","14079"
"CGL","Ex:TSE | Src:Google","2023-07-27","15.740","15.740","15.590","15.600","28175"
"CGL","Ex:TSE | Src:Google","2023-07-28","15.640","15.790","15.640","15.730","8313"
"CGL","Ex:TSE | Src:Google","2023-07-31","15.780","15.860","15.780","15.800","35903"
"CGL","Ex:TSE | Src:Google","2023-08-01","15.700","15.700","15.610","15.660","9642"
"CGL","Ex:TSE | Src:Google","2023-08-02","15.630","15.660","15.540","15.540","48659"
"CGL","Ex:TSE | Src:Google","2023-08-03","15.530","15.570","15.530","15.540","7726"
"CGL","Ex:TSE | Src:Google","2023-08-04","15.600","15.650","15.580","15.590","28000"
"CGL","Ex:TSE | Src:Google","2023-08-08","15.500","15.510","15.450","15.460","55433"
"CGL","Ex:TSE | Src:Google","2023-08-09","15.450","15.500","15.370","15.390","17086"
"CGL","Ex:TSE | Src:Google","2023-08-10","15.450","15.450","15.370","15.380","5576"
"CGL","Ex:TSE | Src:Google","2023-08-11","15.380","15.440","15.370","15.370","4910"
"CGL","Ex:TSE | Src:Google","2023-08-14","15.300","15.360","15.300","15.320","79010"
"CGL","Ex:TSE | Src:Google","2023-08-15","15.330","15.330","15.280","15.280","11539"
"CGL","Ex:TSE | Src:Google","2023-08-16","15.270","15.300","15.180","15.180","35247"
"CGL","Ex:TSE | Src:Google","2023-08-17","15.250","15.290","15.130","15.150","29785"
"CGL","Ex:TSE | Src:Google","2023-08-18","15.200","15.220","15.140","15.140","13557"
"CGL","Ex:TSE | Src:Google","2023-08-21","15.220","15.220","15.160","15.210","6947"
"CGL","Ex:TSE | Src:Google","2023-08-22","15.210","15.250","15.190","15.240","8989"
"CGL","Ex:TSE | Src:Google","2023-08-23","15.320","15.430","15.320","15.400","8735"
"CGL","Ex:TSE | Src:Google","2023-08-24","15.380","15.430","15.360","15.390","21316"
"CGL","Ex:TSE | Src:Google","2023-08-25","15.360","15.410","15.290","15.360","12135"
"CGL","Ex:TSE | Src:Google","2023-08-28","15.400","15.470","15.400","15.420","5780"
"CGL","Ex:TSE | Src:Google","2023-08-29","15.400","15.570","15.400","15.570","70607"
"CGL","Ex:TSE | Src:Google","2023-08-30","15.610","15.660","15.590","15.620","18235"
"CGL","Ex:TSE | Src:Google","2023-08-31","15.610","15.610","15.560","15.560","25558"
"CGL","Ex:TSE | Src:Google","2023-09-01","15.630","15.630","15.570","15.570","27485"
"CGL","Ex:TSE | Src:Google","2023-09-05","15.510","15.510","15.410","15.410","19557"
"CGL","Ex:TSE | Src:Google","2023-09-06","15.460","15.470","15.370","15.370","9697"
"CGL","Ex:TSE | Src:Google","2023-09-07","15.460","15.460","15.400","15.410","6737"
"CGL","Ex:TSE | Src:Google","2023-09-08","15.450","15.500","15.410","15.420","4409"
"CGL","Ex:TSE | Src:Google","2023-09-11","15.490","15.490","15.420","15.460","9053"
"CGL","Ex:TSE | Src:Google","2023-09-12","15.360","15.380","15.280","15.280","11645"
"CGL","Ex:TSE | Src:Google","2023-09-13","15.350","15.350","15.310","15.330","39717"
"CGL","Ex:TSE | Src:Google","2023-09-14","15.280","15.360","15.280","15.340","17897"
"CGL","Ex:TSE | Src:Google","2023-09-15","15.440","15.500","15.430","15.430","8420"
"CGL","Ex:TSE | Src:Google","2023-09-18","15.500","15.530","15.480","15.510","10806"
"CGL","Ex:TSE | Src:Google","2023-09-19","15.540","15.540","15.500","15.500","2758"
"CGL","Ex:TSE | Src:Google","2023-09-20","15.510","15.630","15.510","15.540","17761"
"CGL","Ex:TSE | Src:Google","2023-09-21","15.420","15.430","15.400","15.410","9983"
"CGL","Ex:TSE | Src:Google","2023-09-22","15.500","15.500","15.440","15.450","7001"
"CGL","Ex:TSE | Src:Google","2023-09-25","15.470","15.470","15.290","15.290","10786"
"CGL","Ex:TSE | Src:Google","2023-09-26","15.290","15.310","15.200","15.200","13827"
"CGL","Ex:TSE | Src:Google","2023-09-27","15.160","15.170","15.030","15.040","19795"
"CGL","Ex:TSE | Src:Google","2023-09-28","15.040","15.050","14.940","14.960","37389"
"CGL","Ex:TSE | Src:Google","2023-09-29","15.050","15.060","14.820","14.820","72375"
"CGL","Ex:TSE | Src:Google","2023-10-02","14.780","14.780","14.660","14.710","17747"
"CGL","Ex:TSE | Src:Google","2023-10-03","14.650","14.700","14.620","14.630","61042"
"CGL","Ex:TSE | Src:Google","2023-10-04","14.620","14.650","14.580","14.620","13594"
"CGL","Ex:TSE | Src:Google","2023-10-05","14.620","14.630","14.580","14.610","20708"
"CGL","Ex:TSE | Src:Google","2023-10-06","14.610","14.740","14.610","14.690","6269"
"CGL","Ex:TSE | Src:Google","2023-10-10","14.870","14.950","14.870","14.930","24010"
"CGL","Ex:TSE | Src:Google","2023-10-11","15.010","15.050","15.010","15.030","7795"
"CGL","Ex:TSE | Src:Google","2023-10-12","15.050","15.050","14.990","15.010","5450"
"CGL","Ex:TSE | Src:Google","2023-10-13","15.300","15.500","15.300","15.480","29864"
"CGL","Ex:TSE | Src:Google","2023-10-16","15.400","15.440","15.380","15.380","26162"
"CGL","Ex:TSE | Src:Google","2023-10-17","15.410","15.490","15.400","15.410","57241"
"CGL","Ex:TSE | Src:Google","2023-10-18","15.630","15.730","15.590","15.650","28657"
"CGL","Ex:TSE | Src:Google","2023-10-19","15.690","15.890","15.650","15.840","99627"
"CGL","Ex:TSE | Src:Google","2023-10-20","15.860","16.030","15.860","15.880","62464"
"CGL","Ex:TSE | Src:Google","2023-10-23","15.860","15.890","15.820","15.830","39294"
"CGL","Ex:TSE | Src:Google","2023-10-24","15.750","15.870","15.740","15.840","30178"
"CGL","Ex:TSE | Src:Google","2023-10-25","15.850","15.950","15.840","15.930","24831"
"CGL","Ex:TSE | Src:Google","2023-10-26","15.900","15.960","15.850","15.930","65331"
"CGL","Ex:TSE | Src:Google","2023-10-27","15.920","16.130","15.900","16.130","53220"
"CGL","Ex:TSE | Src:Google","2023-10-30","16.060","16.070","16.010","16.010","12383"
"CGL","Ex:TSE | Src:Google","2023-10-31","16.050","16.100","15.890","15.940","35586"
"CGL","Ex:TSE | Src:Google","2023-11-01","15.970","16.010","15.840","15.880","29895"
"CGL","Ex:TSE | Src:Google","2023-11-02","15.920","15.950","15.900","15.920","28237"
"CGL","Ex:TSE | Src:Google","2023-11-03","15.950","16.060","15.950","15.980","19057"
"CGL","Ex:TSE | Src:Google","2023-11-06","15.900","15.940","15.860","15.860","42747"
"CGL","Ex:TSE | Src:Google","2023-11-07","15.800","15.810","15.740","15.800","18556"
"CGL","Ex:TSE | Src:Google","2023-11-08","15.740","15.770","15.620","15.670","15639"
"CGL","Ex:TSE | Src:Google","2023-11-09","15.690","15.780","15.690","15.700","16003"
"CGL","Ex:TSE | Src:Google","2023-11-10","15.600","15.620","15.530","15.530","30492"
"CGL","Ex:TSE | Src:Google","2023-11-13","15.560","15.630","15.530","15.620","7449"
"CGL","Ex:TSE | Src:Google","2023-11-14","15.790","15.810","15.740","15.750","62646"
"CGL","Ex:TSE | Src:Google","2023-11-15","15.740","15.790","15.700","15.730","20606"
"CGL","Ex:TSE | Src:Google","2023-11-16","15.830","15.950","15.830","15.880","25758"
"CGL","Ex:TSE | Src:Google","2023-11-17","15.940","15.940","15.870","15.880","30705"
"CGL","Ex:TSE | Src:Google","2023-11-20","15.780","15.880","15.780","15.860","17424"
"CGL","Ex:TSE | Src:Google","2023-11-21","16.040","16.090","16.030","16.060","53319"
"CGL","Ex:TSE | Src:Google","2023-11-22","16.020","16.060","15.970","15.970","19528"
"CGL","Ex:TSE | Src:Google","2023-11-23","15.950","16.010","15.860","15.890","26344"
"CGL","Ex:TSE | Src:Google","2023-11-24","16.020","16.060","16.000","16.010","27166"
"CGL","Ex:TSE | Src:Google","2023-11-27","16.110","16.160","16.100","16.140","31560"
"CGL","Ex:TSE | Src:Google","2023-11-28","16.230","16.380","16.230","16.350","63507"
"CGL","Ex:TSE | Src:Google","2023-11-29","16.350","16.420","16.350","16.380","24038"
"CGL","Ex:TSE | Src:Google","2023-11-30","16.330","16.350","16.290","16.310","24173"
"CGL","Ex:TSE | Src:Google","2023-12-01","16.350","16.630","16.350","16.580","61441"
"CGL","Ex:TSE | Src:Google","2023-12-04","16.400","16.470","16.210","16.230","59920"
"CGL","Ex:TSE | Src:Google","2023-12-05","16.230","16.230","16.120","16.160","59178"
"CGL","Ex:TSE | Src:Google","2023-12-06","16.250","16.300","16.220","16.220","23358"
"CGL","Ex:TSE | Src:Google","2023-12-07","16.300","16.300","16.220","16.240","29669"
"CGL","Ex:TSE | Src:Google","2023-12-08","16.080","16.130","15.990","16.020","98058"
"CGL","Ex:TSE | Src:Google","2023-12-11","15.940","15.940","15.860","15.870","38613"
"CGL","Ex:TSE | Src:Google","2023-12-12","15.870","15.880","15.840","15.850","8022"
"CGL","Ex:TSE | Src:Google","2023-12-13","15.880","16.210","15.860","16.200","54642"
"CGL","Ex:TSE | Src:Google","2023-12-14","16.300","16.390","16.270","16.310","63278"
"CGL","Ex:TSE | Src:Google","2023-12-15","16.330","16.330","16.170","16.200","22007"
"CGL","Ex:TSE | Src:Google","2023-12-18","16.210","16.250","16.200","16.230","16418"
"CGL","Ex:TSE | Src:Google","2023-12-19","16.260","16.390","16.260","16.340","31036"
"CGL","Ex:TSE | Src:Google","2023-12-20","16.300","16.330","16.250","16.250","44935"
"CGL","Ex:TSE | Src:Google","2023-12-21","16.330","16.380","16.330","16.380","32278"
"CGL","Ex:TSE | Src:Google","2023-12-22","16.530","16.570","16.360","16.360","48558"
"CGL","Ex:TSE | Src:Google","2023-12-27","16.520","16.670","16.520","16.620","83025"
"CGL","Ex:TSE | Src:Google","2023-12-28","16.590","16.640","16.540","16.540","19019"
"CGL","Ex:TSE | Src:Google","2023-12-29","16.490","16.550","16.490","16.500","14910"
"CGL","Ex:TSE | Src:Google","2024-01-02","16.570","16.570","16.460","16.460","28115"
"CGL","Ex:TSE | Src:Google","2024-01-03","16.300","16.340","16.260","16.320","18592"
"CGL","Ex:TSE | Src:Google","2024-01-04","16.310","16.390","16.310","16.360","20020"
"CGL","Ex:TSE | Src:Google","2024-01-05","16.420","16.530","16.350","16.360","9764"
"CGL","Ex:TSE | Src:Google","2024-01-08","16.190","16.290","16.180","16.240","9656"
"CGL","Ex:TSE | Src:Google","2024-01-09","16.290","16.310","16.240","16.250","19212"
"CGL","Ex:TSE | Src:Google","2024-01-10","16.290","16.290","16.180","16.180","23309"
"CGL","Ex:TSE | Src:Google","2024-01-11","16.270","16.270","16.120","16.210","13272"
"CGL","Ex:TSE | Src:Google","2024-01-12","16.440","16.500","16.360","16.400","13676"
"CGL","Ex:TSE | Src:Google","2024-01-15","16.390","16.460","16.380","16.390","18942"
"CGL","Ex:TSE | Src:Google","2024-01-16","16.380","16.390","16.200","16.240","63767"
"CGL","Ex:TSE | Src:Google","2024-01-17","16.120","16.150","16.020","16.070","20057"
"CGL","Ex:TSE | Src:Google","2024-01-18","16.070","16.200","16.070","16.200","28723"
"CGL","Ex:TSE | Src:Google","2024-01-19","16.240","16.250","16.200","16.250","19754"
"CGL","Ex:TSE | Src:Google","2024-01-22","16.150","16.220","16.130","16.150","22686"
"CGL","Ex:TSE | Src:Google","2024-01-23","16.170","16.230","16.170","16.210","7612"
"CGL","Ex:TSE | Src:Google","2024-01-24","16.230","16.250","16.070","16.100","75241"
"CGL","Ex:TSE | Src:Google","2024-01-25","16.160","16.190","16.130","16.150","6902"
"CGL","Ex:TSE | Src:Google","2024-01-26","16.190","16.190","16.130","16.150","127986"
"CGL","Ex:TSE | Src:Google","2024-01-29","16.260","16.280","16.190","16.280","14388"
"CGL","Ex:TSE | Src:Google","2024-01-30","16.350","16.380","16.240","16.300","11853"
"CGL","Ex:TSE | Src:Google","2024-01-31","16.320","16.440","16.250","16.260","8705"
"CGL","Ex:TSE | Src:Google","2024-02-01","16.390","16.500","16.360","16.420","20061"
"CGL","Ex:TSE | Src:Google","2024-02-02","16.240","16.300","16.240","16.280","14481"
"CGL","Ex:TSE | Src:Google","2024-02-05","16.120","16.210","16.120","16.200","18112"
"CGL","Ex:TSE | Src:Google","2024-02-06","16.190","16.300","16.190","16.270","5208"
"CGL","Ex:TSE | Src:Google","2024-02-07","16.300","16.320","16.250","16.260","7337"
"CGL","Ex:TSE | Src:Google","2024-02-08","16.200","16.260","16.200","16.260","4757"
"CGL","Ex:TSE | Src:Google","2024-02-09","16.170","16.200","16.150","16.180","12994"
"CGL","Ex:TSE | Src:Google","2024-02-12","16.150","16.180","16.100","16.150","17289"
"CGL","Ex:TSE | Src:Google","2024-02-13","16.040","16.040","15.920","15.930","22968"
"CGL","Ex:TSE | Src:Google","2024-02-14","15.910","15.950","15.880","15.920","34186"
"CGL","Ex:TSE | Src:Google","2024-02-15","16.000","16.030","16.000","16.010","4417"
"CGL","Ex:TSE | Src:Google","2024-02-16","15.940","16.090","15.940","16.070","31275"
"CGL","Ex:TSE | Src:Google","2024-02-20","16.200","16.210","16.160","16.180","18789"
"CGL","Ex:TSE | Src:Google","2024-02-21","16.180","16.220","16.160","16.180","17523"
"CGL","Ex:TSE | Src:Google","2024-02-22","16.170","16.200","16.140","16.170","9624"
"CGL","Ex:TSE | Src:Google","2024-02-23","16.150","16.310","16.150","16.300","12196"
"CGL","Ex:TSE | Src:Google","2024-02-26","16.190","16.250","16.180","16.250","10232"
"CGL","Ex:TSE | Src:Google","2024-02-27","16.260","16.280","16.220","16.220","7020"
"CGL","Ex:TSE | Src:Google","2024-02-28","16.210","16.250","16.210","16.250","5801"
"CGL","Ex:TSE | Src:Google","2024-02-29","16.330","16.390","16.320","16.320","27270"
"CGL","Ex:TSE | Src:Google","2024-03-01","16.390","16.680","16.380","16.640","32981"
"CGL","Ex:TSE | Src:Google","2024-03-04","16.710","16.920","16.710","16.920","53115"
"CGL","Ex:TSE | Src:Google","2024-03-05","16.980","17.050","16.970","17.020","35585"
"CGL","Ex:TSE | Src:Google","2024-03-06","17.120","17.180","17.100","17.160","21679"
"CGL","Ex:TSE | Src:Google","2024-03-07","17.200","17.270","17.180","17.240","26411"
"CGL","Ex:TSE | Src:Google","2024-03-08","17.300","17.500","17.300","17.370","32771"
"CGL","Ex:TSE | Src:Google","2024-03-11","17.360","17.450","17.360","17.430","23460"
"CGL","Ex:TSE | Src:Google","2024-03-12","17.300","17.300","17.190","17.250","8699"
"CGL","Ex:TSE | Src:Google","2024-03-13","17.320","17.400","17.300","17.380","17606"
"CGL","Ex:TSE | Src:Google","2024-03-14","17.270","17.310","17.230","17.310","10760"
"CGL","Ex:TSE | Src:Google","2024-03-15","17.270","17.270","17.210","17.230","126036"
"CGL","Ex:TSE | Src:Google","2024-03-18","17.210","17.280","17.210","17.260","14902"
"CGL","Ex:TSE | Src:Google","2024-03-19","17.260","17.260","17.190","17.220","7847"
"CGL","Ex:TSE | Src:Google","2024-03-20","17.220","17.470","17.200","17.460","25162"
"CGL","Ex:TSE | Src:Google","2024-03-21","17.590","17.600","17.360","17.470","42541"
"CGL","Ex:TSE | Src:Google","2024-03-22","17.400","17.420","17.280","17.320","15983"
"CGL","Ex:TSE | Src:Google","2024-03-25","17.350","17.410","17.340","17.360","9786"
"CGL","Ex:TSE | Src:Google","2024-03-26","17.460","17.480","17.380","17.390","9912"
"CGL","Ex:TSE | Src:Google","2024-03-27","17.430","17.540","17.430","17.540","7690"
"CGL","Ex:TSE | Src:Google","2024-03-28","17.620","17.780","17.620","17.780","37700"
"CGL","Ex:TSE | Src:Google","2024-04-01","17.960","18.000","17.820","17.940","46941"
"CGL","Ex:TSE | Src:Google","2024-04-02","17.970","18.220","17.970","18.220","44649"
"CGL","Ex:TSE | Src:Google","2024-04-03","18.190","18.370","18.150","18.330","31330"
"CGL","Ex:TSE | Src:Google","2024-04-04","18.270","18.410","18.230","18.270","35994"
"CGL","Ex:TSE | Src:Google","2024-04-05","18.360","18.600","18.340","18.570","24580"
"CGL","Ex:TSE | Src:Google","2024-04-08","18.580","18.710","18.530","18.650","27286"
"CGL","Ex:TSE | Src:Google","2024-04-09","18.770","18.860","18.710","18.760","7417"
"CGL","Ex:TSE | Src:Google","2024-04-10","18.610","18.780","18.560","18.590","18027"
"CGL","Ex:TSE | Src:Google","2024-04-11","18.690","18.970","18.650","18.970","8761"
"CGL","Ex:TSE | Src:Google","2024-04-12","19.130","19.410","18.670","18.710","116133"
"CGL","Ex:TSE | Src:Google","2024-04-15","18.830","19.100","18.600","19.100","42648"
"CGL","Ex:TSE | Src:Google","2024-04-16","19.000","19.170","18.900","19.120","61875"
"CGL","Ex:TSE | Src:Google","2024-04-17","19.080","19.120","18.910","18.940","25924"
"CGL","Ex:TSE | Src:Google","2024-04-18","19.060","19.090","18.950","19.000","52166"
"CGL","Ex:TSE | Src:Google","2024-04-19","18.990","19.190","18.990","19.070","57704"
"CGL","Ex:TSE | Src:Google","2024-04-22","18.670","18.720","18.570","18.590","36538"
"CGL","Ex:TSE | Src:Google","2024-04-23","18.490","18.610","18.430","18.530","31447"
"CGL","Ex:TSE | Src:Google","2024-04-24","18.560","18.650","18.500","18.500","21194"
"CGL","Ex:TSE | Src:Google","2024-04-25","18.440","18.710","18.440","18.620","52022"
"CGL","Ex:TSE | Src:Google","2024-04-26","18.690","18.720","18.600","18.670","97883"
"CGL","Ex:TSE | Src:Google","2024-04-29","18.620","18.680","18.620","18.650","10396"
"CGL","Ex:TSE | Src:Google","2024-04-30","18.420","18.460","18.260","18.270","43745"
"CGL","Ex:TSE | Src:Google","2024-05-01","18.340","18.580","18.340","18.460","25350"
"CGL","Ex:TSE | Src:Google","2024-05-02","18.340","18.440","18.280","18.370","65159"
"CGL","Ex:TSE | Src:Google","2024-05-03","18.400","18.420","18.220","18.360","23720"
"CGL","Ex:TSE | Src:Google","2024-05-06","18.540","18.580","18.510","18.560","14214"
"CGL","Ex:TSE | Src:Google","2024-05-07","18.530","18.540","18.460","18.500","24867"
"CGL","Ex:TSE | Src:Google","2024-05-08","18.450","18.510","18.400","18.410","29514"
"CGL","Ex:TSE | Src:Google","2024-05-09","18.500","18.700","18.500","18.700","25136"
"CGL","Ex:TSE | Src:Google","2024-05-10","18.870","18.940","18.820","18.840","44131"
"CGL","Ex:TSE | Src:Google","2024-05-13","18.750","18.750","18.600","18.670","13935"
"CGL","Ex:TSE | Src:Google","2024-05-14","18.750","18.810","18.740","18.790","12068"
"CGL","Ex:TSE | Src:Google","2024-05-15","18.900","19.040","18.800","19.010","13544"
"CGL","Ex:TSE | Src:Google","2024-05-16","18.940","19.000","18.930","18.970","9686"
"CGL","Ex:TSE | Src:Google","2024-05-17","19.130","19.280","19.130","19.240","20814"
"CGL","Ex:TSE | Src:Google","2024-05-21","19.330","19.400","19.280","19.320","28255"
"CGL","Ex:TSE | Src:Google","2024-05-22","19.260","19.260","18.940","18.950","16622"
"CGL","Ex:TSE | Src:Google","2024-05-23","18.890","18.900","18.600","18.610","33802"
"CGL","Ex:TSE | Src:Google","2024-05-24","18.720","18.720","18.610","18.630","8292"
"CGL","Ex:TSE | Src:Google","2024-05-27","18.790","18.790","18.680","18.720","19712"
"CGL","Ex:TSE | Src:Google","2024-05-28","18.720","18.820","18.720","18.820","16287"
"CGL","Ex:TSE | Src:Google","2024-05-29","18.730","18.730","18.620","18.640","29710"
"CGL","Ex:TSE | Src:Google","2024-05-30","18.660","18.740","18.640","18.650","25085"
"CGL","Ex:TSE | Src:Google","2024-05-31","18.580","18.630","18.510","18.570","19568"
"CGL","Ex:TSE | Src:Google","2024-06-03","18.570","18.760","18.570","18.690","21851"
"CGL","Ex:TSE | Src:Google","2024-06-04","18.660","18.660","18.470","18.530","8774"
"CGL","Ex:TSE | Src:Google","2024-06-05","18.640","18.780","18.640","18.740","41842"
"CGL","Ex:TSE | Src:Google","2024-06-06","18.820","18.930","18.790","18.910","31977"
"CGL","Ex:TSE | Src:Google","2024-06-07","18.490","18.510","18.250","18.250","45200"
"CGL","Ex:TSE | Src:Google","2024-06-10","18.310","18.440","18.310","18.380","35722"
"CGL","Ex:TSE | Src:Google","2024-06-11","18.390","18.480","18.380","18.460","58747"
"CGL","Ex:TSE | Src:Google","2024-06-12","18.630","18.660","18.430","18.470","82993"
"CGL","Ex:TSE | Src:Google","2024-06-13","18.480","18.500","18.290","18.340","33354"
"CGL","Ex:TSE | Src:Google","2024-06-14","18.580","18.610","18.530","18.580","16891"
"CGL","Ex:TSE | Src:Google","2024-06-17","18.480","18.550","18.430","18.450","32333"
"CGL","Ex:TSE | Src:Google","2024-06-18","18.470","18.570","18.470","18.530","51620"
"CGL","Ex:TSE | Src:Google","2024-06-19","18.550","18.570","18.500","18.500","26529"
"CGL","Ex:TSE | Src:Google","2024-06-20","18.630","18.850","18.610","18.780","117368"
"CGL","Ex:TSE | Src:Google","2024-06-21","18.760","18.760","18.470","18.500","109090"
"CGL","Ex:TSE | Src:Google","2024-06-24","18.590","18.600","18.540","18.580","13527"
"CGL","Ex:TSE | Src:Google","2024-06-25","18.490","18.540","18.460","18.510","32075"
"CGL","Ex:TSE | Src:Google","2024-06-26","18.280","18.340","18.280","18.330","19974"
"CGL","Ex:TSE | Src:Google","2024-06-27","18.460","18.550","18.460","18.510","19372"
"CGL","Ex:TSE | Src:Google","2024-06-28","18.550","18.590","18.530","18.540","21903"
"CGL","Ex:TSE | Src:Google","2024-07-02","18.570","18.610","18.490","18.590","13668"
"CGL","Ex:TSE | Src:Google","2024-07-03","18.680","18.820","18.680","18.720","30043"
"CGL","Ex:TSE | Src:Google","2024-07-04","18.680","18.820","18.680","18.820","20016"
"CGL","Ex:TSE | Src:Google","2024-07-05","18.860","19.050","18.860","19.040","30501"
"CGL","Ex:TSE | Src:Google","2024-07-08","18.930","18.930","18.730","18.780","29428"
"CGL","Ex:TSE | Src:Google","2024-07-09","18.870","18.870","18.760","18.850","11673"
"CGL","Ex:TSE | Src:Google","2024-07-10","18.950","19.000","18.870","18.910","9452"
"CGL","Ex:TSE | Src:Google","2024-07-11","19.130","19.280","19.130","19.240","25768"
"CGL","Ex:TSE | Src:Google","2024-07-12","19.150","19.240","19.120","19.200","7890"
"CGL","Ex:TSE | Src:Google","2024-07-15","19.200","19.380","19.200","19.260","29943"
"CGL","Ex:TSE | Src:Google","2024-07-16","19.400","19.630","19.390","19.630","69497"
"CGL","Ex:TSE | Src:Google","2024-07-17","19.710","19.740","19.500","19.560","28132"
"CGL","Ex:TSE | Src:Google","2024-07-18","19.600","19.640","19.390","19.430","29493"
"CGL","Ex:TSE | Src:Google","2024-07-19","19.160","19.170","19.060","19.090","17550"
"CGL","Ex:TSE | Src:Google","2024-07-22","19.100","19.110","18.980","19.110","14183"
"CGL","Ex:TSE | Src:Google","2024-07-23","19.110","19.170","19.100","19.170","10998"
"CGL","Ex:TSE | Src:Google","2024-07-24","19.180","19.340","19.080","19.080","52633"
"CGL","Ex:TSE | Src:Google","2024-07-25","18.880","18.880","18.720","18.810","32074"
"CGL","Ex:TSE | Src:Google","2024-07-26","18.950","19.010","18.930","19.010","19925"
"CGL","Ex:TSE | Src:Google","2024-07-29","19.070","19.070","18.900","18.990","34671"
"CGL","Ex:TSE | Src:Google","2024-07-30","19.010","19.200","18.970","19.160","69090"
"CGL","Ex:TSE | Src:Google","2024-07-31","19.220","19.520","19.220","19.510","84409"
"CGL","Ex:TSE | Src:Google","2024-08-01","19.540","19.540","19.350","19.420","17174"
"CGL","Ex:TSE | Src:Google","2024-08-02","19.540","19.700","19.230","19.410","219014"
"CGL","Ex:TSE | Src:Google","2024-08-06","19.030","19.130","18.920","18.980","98404"
"CGL","Ex:TSE | Src:Google","2024-08-07","19.160","19.160","18.950","18.960","7506"
"CGL","Ex:TSE | Src:Google","2024-08-08","19.140","19.270","19.140","19.260","7856"
"CGL","Ex:TSE | Src:Google","2024-08-09","19.310","19.350","19.290","19.300","9545"
"CGL","Ex:TSE | Src:Google","2024-08-12","19.430","19.650","19.430","19.630","17153"
"CGL","Ex:TSE | Src:Google","2024-08-13","19.630","19.660","19.580","19.600","8473"
"CGL","Ex:TSE | Src:Google","2024-08-14","19.470","19.510","19.380","19.430","20155"
"CGL","Ex:TSE | Src:Google","2024-08-15","19.450","19.570","19.360","19.510","18589"
"CGL","Ex:TSE | Src:Google","2024-08-16","19.790","19.950","19.700","19.950","39750"
"CGL","Ex:TSE | Src:Google","2024-08-19","19.820","19.940","19.790","19.940","38143"
"CGL","Ex:TSE | Src:Google","2024-08-20","20.040","20.100","19.930","19.990","45233"
"CGL","Ex:TSE | Src:Google","2024-08-21","19.940","20.020","19.830","19.970","39226"
"CGL","Ex:TSE | Src:Google","2024-08-22","19.860","19.860","19.650","19.720","119514"
"CGL","Ex:TSE | Src:Google","2024-08-23","19.820","19.980","19.810","19.950","12060"
"CGL","Ex:TSE | Src:Google","2024-08-26","20.050","20.050","19.950","20.010","15070"
"CGL","Ex:TSE | Src:Google","2024-08-27","19.910","20.060","19.900","20.060","29065"
"CGL","Ex:TSE | Src:Google","2024-08-28","19.930","19.930","19.830","19.890","23624"
"CGL","Ex:TSE | Src:Google","2024-08-29","19.970","20.050","19.960","20.010","12024"
"CGL","Ex:TSE | Src:Google","2024-08-30","20.020","20.020","19.820","19.890","96386"
"CGL","Ex:TSE | Src:Google","2024-09-03","19.810","19.810","19.660","19.790","39287"
"CGL","Ex:TSE | Src:Google","2024-09-04","19.760","19.830","19.720","19.780","11383"
"CGL","Ex:TSE | Src:Google","2024-09-05","19.950","20.000","19.900","19.950","22683"
"CGL","Ex:TSE | Src:Google","2024-09-06","19.960","19.980","19.730","19.790","20832"
"CGL","Ex:TSE | Src:Google","2024-09-09","19.820","19.890","19.790","19.890","7832"
"CGL","Ex:TSE | Src:Google","2024-09-10","19.930","19.980","19.870","19.980","6269"
"CGL","Ex:TSE | Src:Google","2024-09-11","19.940","19.980","19.850","19.920","57791"
"CGL","Ex:TSE | Src:Google","2024-09-12","20.110","20.300","20.110","20.300","17473"
"CGL","Ex:TSE | Src:Google","2024-09-13","20.450","20.500","20.430","20.500","15350"
"CGL","Ex:TSE | Src:Google","2024-09-16","20.500","20.540","20.440","20.490","11614"
"CGL","Ex:TSE | Src:Google","2024-09-17","20.460","20.460","20.320","20.370","10781"
"CGL","Ex:TSE | Src:Google","2024-09-18","20.470","20.600","20.220","20.230","114742"
"CGL","Ex:TSE | Src:Google","2024-09-19","20.500","20.560","20.390","20.520","19604"
"CGL","Ex:TSE | Src:Google","2024-09-20","20.710","20.820","20.660","20.800","17586"
"CGL","Ex:TSE | Src:Google","2024-09-23","20.840","20.900","20.830","20.840","31903"
"CGL","Ex:TSE | Src:Google","2024-09-24","20.900","21.130","20.890","21.130","39737"
"CGL","Ex:TSE | Src:Google","2024-09-25","21.140","21.150","21.030","21.100","28210"
"CGL","Ex:TSE | Src:Google","2024-09-26","21.130","21.240","21.090","21.220","28755"
"CGL","Ex:TSE | Src:Google","2024-09-27","21.170","21.170","20.970","21.040","26175"
"CGL","Ex:TSE | Src:Google","2024-09-30","20.940","20.950","20.820","20.850","18012"
"CGL","Ex:TSE | Src:Google","2024-10-01","21.010","21.170","21.010","21.090","33203"
"CGL","Ex:TSE | Src:Google","2024-10-02","21.090","21.110","20.970","21.100","43662"
"CGL","Ex:TSE | Src:Google","2024-10-03","20.970","21.100","20.950","21.100","51569"
"CGL","Ex:TSE | Src:Google","2024-10-04","21.060","21.170","20.950","21.030","27852"
"CGL","Ex:TSE | Src:Google","2024-10-07","20.960","21.010","20.920","20.980","44740"
"CGL","Ex:TSE | Src:Google","2024-10-08","20.920","20.940","20.670","20.820","47362"
"CGL","Ex:TSE | Src:Google","2024-10-09","20.700","20.740","20.660","20.700","32517"
"CGL","Ex:TSE | Src:Google","2024-10-10","20.720","20.860","20.720","20.860","18191"
"CGL","Ex:TSE | Src:Google","2024-10-11","20.980","21.110","20.980","21.050","16630"
"CGL","Ex:TSE | Src:Google","2024-10-15","21.040","21.140","21.000","21.090","21012"
"CGL","Ex:TSE | Src:Google","2024-10-16","21.220","21.280","21.150","21.200","32213"
"CGL","Ex:TSE | Src:Google","2024-10-17","21.250","21.380","21.250","21.340","29485"
"CGL","Ex:TSE | Src:Google","2024-10-18","21.470","21.590","21.470","21.590","18695"
"CGL","Ex:TSE | Src:Google","2024-10-21","21.720","21.730","21.520","21.550","42206"
"CGL","Ex:TSE | Src:Google","2024-10-22","21.710","21.820","21.690","21.800","34284"
"CGL","Ex:TSE | Src:Google","2024-10-23","21.730","21.730","21.500","21.550","46657"
"CGL","Ex:TSE | Src:Google","2024-10-24","21.700","21.720","21.600","21.720","32733"
"CGL","Ex:TSE | Src:Google","2024-10-25","21.650","21.780","21.610","21.770","37603"
"CGL","Ex:TSE | Src:Google","2024-10-28","21.740","21.780","21.730","21.760","47906"
"CGL","Ex:TSE | Src:Google","2024-10-29","21.810","22.010","21.810","21.990","65379"
"CGL","Ex:TSE | Src:Google","2024-10-30","22.050","22.140","21.990","22.130","48052"
"CGL","Ex:TSE | Src:Google","2024-10-31","21.970","21.970","21.680","21.760","102592"
"CGL","Ex:TSE | Src:Google","2024-11-01","21.840","21.880","21.690","21.690","74458"
"CGL","Ex:TSE | Src:Google","2024-11-04","21.770","21.770","21.670","21.730","37679"
"CGL","Ex:TSE | Src:Google","2024-11-05","21.740","21.790","21.690","21.780","95450"
"CGL","Ex:TSE | Src:Google","2024-11-06","21.020","21.230","21.010","21.100","90927"
"CGL","Ex:TSE | Src:Google","2024-11-07","21.340","21.480","21.310","21.450","66227"
"CGL","Ex:TSE | Src:Google","2024-11-08","21.400","21.410","21.270","21.290","24894"
"CGL","Ex:TSE | Src:Google","2024-11-11","20.880","20.880","20.680","20.730","113931"
"CGL","Ex:TSE | Src:Google","2024-11-12","20.670","20.730","20.530","20.610","131276"
"CGL","Ex:TSE | Src:Google","2024-11-13","20.670","20.720","20.400","20.400","37341"
"CGL","Ex:TSE | Src:Google","2024-11-14","20.280","20.410","20.260","20.320","46658"
"CGL","Ex:TSE | Src:Google","2024-11-15","20.350","20.390","20.290","20.320","17882"
"CGL","Ex:TSE | Src:Google","2024-11-18","20.610","20.730","20.610","20.710","68132"
"CGL","Ex:TSE | Src:Google","2024-11-19","20.790","20.890","20.770","20.890","84637"
"CGL","Ex:TSE | Src:Google","2024-11-20","20.890","21.040","20.890","21.010","66937"
"CGL","Ex:TSE | Src:Google","2024-11-21","21.120","21.180","21.080","21.170","40279"
"CGL","Ex:TSE | Src:Google","2024-11-22","21.240","21.480","21.240","21.430","104579"
"CGL","Ex:TSE | Src:Google","2024-11-25","20.980","20.980","20.750","20.830","122724"
"CGL","Ex:TSE | Src:Google","2024-11-26","20.820","20.860","20.730","20.860","41589"
"CGL","Ex:TSE | Src:Google","2024-11-27","20.970","21.040","20.870","20.910","106383"
"CGL","Ex:TSE | Src:Google","2024-11-28","21.050","21.050","20.910","20.920","11619"
"CGL","Ex:TSE | Src:Google","2024-11-29","21.040","21.060","20.930","20.940","70862"
"CGL","Ex:TSE | Src:Google","2024-12-02","20.990","20.990","20.850","20.900","81769"
"CGL","Ex:TSE | Src:Google","2024-12-03","20.930","21.000","20.900","20.940","34384"
"CGL","Ex:TSE | Src:Google","2024-12-04","21.020","21.030","20.970","20.980","57428"
"CGL","Ex:TSE | Src:Google","2024-12-05","20.960","20.960","20.780","20.840","15241"
"CGL","Ex:TSE | Src:Google","2024-12-06","20.800","20.870","20.780","20.800","113884"
"CGL","Ex:TSE | Src:Google","2024-12-09","21.070","21.170","21.020","21.030","45362"
"CGL","Ex:TSE | Src:Google","2024-12-10","21.210","21.340","21.210","21.330","32465"
"CGL","Ex:TSE | Src:Google","2024-12-11","21.350","21.540","21.350","21.510","32100"
"CGL","Ex:TSE | Src:Google","2024-12-12","21.270","21.290","21.200","21.230","40899"
"CGL","Ex:TSE | Src:Google","2024-12-13","21.040","21.080","20.960","20.960","34684"
"CGL","Ex:TSE | Src:Google","2024-12-16","21.000","21.040","20.980","21.010","54734"
"CGL","Ex:TSE | Src:Google","2024-12-17","20.920","20.960","20.860","20.940","23220"
"CGL","Ex:TSE | Src:Google","2024-12-18","20.880","20.900","20.480","20.520","77346"
"CGL","Ex:TSE | Src:Google","2024-12-19","20.510","20.560","20.470","20.540","18606"
"CGL","Ex:TSE | Src:Google","2024-12-20","20.640","20.820","20.640","20.770","25407"
"CGL","Ex:TSE | Src:Google","2024-12-23","20.720","20.720","20.620","20.640","41574"
"CGL","Ex:TSE | Src:Google","2024-12-24","20.640","20.690","20.640","20.690","7320"
"CGL","Ex:TSE | Src:Google","2024-12-27","20.630","20.740","20.630","20.660","28594"
"CGL","Ex:TSE | Src:Google","2024-12-30","20.680","20.680","20.520","20.640","34784"
"CGL","Ex:TSE | Src:Google","2024-12-31","20.640","20.770","20.640","20.740","18622"
"CGL","Ex:TSE | Src:Google","2025-01-02","20.880","21.030","20.880","21.030","39963"
"CGL","Ex:TSE | Src:Google","2025-01-03","20.990","20.990","20.870","20.870","35029"
"CGL","Ex:TSE | Src:Google","2025-01-06","20.790","20.870","20.740","20.810","20248"
"CGL","Ex:TSE | Src:Google","2025-01-07","20.970","21.030","20.890","20.940","8207"
"CGL","Ex:TSE | Src:Google","2025-01-08","21.020","21.090","20.940","21.060","43361"
"CGL","Ex:TSE | Src:Google","2025-01-09","21.100","21.150","21.070","21.120","34469"
"CGL","Ex:TSE | Src:Google","2025-01-10","21.290","21.320","21.210","21.290","44099"
"CGL","Ex:TSE | Src:Google","2025-01-13","21.120","21.130","20.990","21.050","64524"
"CGL","Ex:TSE | Src:Google","2025-01-14","21.080","21.150","21.030","21.140","57902"
"CGL","Ex:TSE | Src:Google","2025-01-15","21.320","21.320","21.160","21.270","28483"
"CGL","Ex:TSE | Src:Google","2025-01-16","21.460","21.510","21.410","21.410","39304"
"CGL","Ex:TSE | Src:Google","2025-01-17","21.450","21.450","21.300","21.300","30195"
"CGL","Ex:TSE | Src:Google","2025-01-20","21.430","21.430","21.320","21.330","16688"
"CGL","Ex:TSE | Src:Google","2025-01-21","21.540","21.670","21.530","21.630","313068"
"CGL","Ex:TSE | Src:Google","2025-01-22","21.760","21.800","21.710","21.770","55262"
"CGL","Ex:TSE | Src:Google","2025-01-23","21.640","21.760","21.640","21.710","77588"
"CGL","Ex:TSE | Src:Google","2025-01-24","21.920","21.990","21.880","21.900","27539"
"CGL","Ex:TSE | Src:Google","2025-01-27","21.800","21.800","21.570","21.660","68187"
"CGL","Ex:TSE | Src:Google","2025-01-28","21.700","21.850","21.700","21.850","23864"
"CGL","Ex:TSE | Src:Google","2025-01-29","21.800","21.800","21.690","21.770","39226"
"CGL","Ex:TSE | Src:Google","2025-01-30","21.980","22.120","21.960","22.100","37047"
"CGL","Ex:TSE | Src:Google","2025-01-31","22.190","22.250","22.080","22.100","142089"
"CGL","Ex:TSE | Src:Google","2025-02-03","22.290","22.380","22.240","22.260","91521"
"CGL","Ex:TSE | Src:Google","2025-02-04","22.330","22.470","22.330","22.470","92040"
"CGL","Ex:TSE | Src:Google","2025-02-05","22.600","22.760","22.580","22.610","130016"
"CGL","Ex:TSE | Src:Google","2025-02-06","22.570","22.570","22.370","22.530","49566"
"CGL","Ex:TSE | Src:Google","2025-02-07","22.620","22.770","22.530","22.580","72720"
"CGL","Ex:TSE | Src:Google","2025-02-10","22.920","22.970","22.890","22.930","82697"
"CGL","Ex:TSE | Src:Google","2025-02-11","22.930","22.960","22.820","22.860","99750"
"CGL","Ex:TSE | Src:Google","2025-02-12","22.830","22.940","22.790","22.900","95258"
"CGL","Ex:TSE | Src:Google","2025-02-13","22.960","23.110","22.950","23.110","53430"
"CGL","Ex:TSE | Src:Google","2025-02-14","23.100","23.100","22.730","22.780","172901"
"CGL","Ex:TSE | Src:Google","2025-02-18","23.040","23.170","23.040","23.150","230962"
"CGL","Ex:TSE | Src:Google","2025-02-19","23.110","23.180","23.030","23.160","112401"
"CGL","Ex:TSE | Src:Google","2025-02-20","23.110","23.230","23.100","23.170","137820"
"CGL","Ex:TSE | Src:Google","2025-02-21","23.120","23.210","23.050","23.150","113258"
"CGL","Ex:TSE | Src:Google","2025-02-24","23.210","23.280","23.100","23.250","98717"
"CGL","Ex:TSE | Src:Google","2025-02-25","23.190","23.190","22.790","22.940","107050"
"CGL","Ex:TSE | Src:Google","2025-02-26","22.850","23.000","22.780","23.000","53372"
"CGL","Ex:TSE | Src:Google","2025-02-27","22.810","22.810","22.620","22.650","83178"
"CGL","Ex:TSE | Src:Google","2025-02-28","22.450","22.540","22.330","22.540","61278"
"CGL","Ex:TSE | Src:Google","2025-03-03","22.610","22.810","22.610","22.800","118018"
"CGL","Ex:TSE | Src:Google","2025-03-04","23.050","23.050","22.900","23.020","150634"
"CGL","Ex:TSE | Src:Google","2025-03-05","23.030","23.110","22.920","23.060","161156"
"CGL","Ex:TSE | Src:Google","2025-03-06","22.970","23.030","22.930","22.940","56332"
"CGL","Ex:TSE | Src:Google","2025-03-07","22.990","23.080","22.900","22.930","110118"
"CGL","Ex:TSE | Src:Google","2025-03-10","22.890","22.940","22.720","22.760","151959"
"CGL","Ex:TSE | Src:Google","2025-03-11","22.900","23.040","22.900","23.020","118532"
"CGL","Ex:TSE | Src:Google","2025-03-12","23.020","23.180","22.930","23.080","123552"
"CGL","Ex:TSE | Src:Google","2025-03-13","23.200","23.560","23.200","23.540","260364"
"CGL","Ex:TSE | Src:Google","2025-03-14","23.620","23.620","23.480","23.550","87128"
"CGL","Ex:TSE | Src:Google","2025-03-17","23.540","23.660","23.530","23.650","128034"
"CGL","Ex:TSE | Src:Google","2025-03-18","23.930","23.960","23.820","23.930","194894"
"CGL","Ex:TSE | Src:Google","2025-03-19","23.950","24.030","23.850","23.970","192676"
"CGL","Ex:TSE | Src:Google","2025-03-20","23.940","23.990","23.870","23.980","127045"
"CGL","Ex:TSE | Src:Google","2025-03-21","23.900","23.900","23.620","23.810","108889"
"CGL","Ex:TSE | Src:Google","2025-03-24","23.830","23.830","23.630","23.640","94209"
"CGL","Ex:TSE | Src:Google","2025-03-25","23.800","23.880","23.770","23.780","38596"
"CGL","Ex:TSE | Src:Google","2025-03-26","23.820","23.820","23.730","23.760","36760"
"CGL","Ex:TSE | Src:Google","2025-03-27","23.960","24.090","23.880","24.090","131786"
"CGL","Ex:TSE | Src:Google","2025-03-28","24.180","24.320","24.170","24.270","192945"
"CGL","Ex:TSE | Src:Google","2025-03-31","24.490","24.640","24.410","24.640","278613"
"CGL","Ex:TSE | Src:Google","2025-04-01","24.630","24.670","24.410","24.550","207100"
"CGL","Ex:TSE | Src:Google","2025-04-02","24.570","24.670","24.540","24.610","126331"
"CGL","Ex:TSE | Src:Google","2025-04-03","24.190","24.710","23.990","24.510","378124"
"CGL","Ex:TSE | Src:Google","2025-04-04","24.240","24.240","23.740","23.880","346990"
"CGL","Ex:TSE | Src:Google","2025-04-07","23.700","23.860","23.260","23.330","346224"
"CGL","Ex:TSE | Src:Google","2025-04-08","23.750","23.750","23.410","23.480","174549"
"CGL","Ex:TSE | Src:Google","2025-04-09","24.030","24.380","23.970","24.310","340906"
"CGL","Ex:TSE | Src:Google","2025-04-10","24.560","25.040","24.510","25.040","462157"
"CGL","Ex:TSE | Src:Google","2025-04-11","25.340","25.550","25.200","25.450","376202"
"CGL","Ex:TSE | Src:Google","2025-04-14","25.180","25.270","25.100","25.240","242736"
"CGL","Ex:TSE | Src:Google","2025-04-15","25.300","25.380","25.220","25.380","164440"
"CGL","Ex:TSE | Src:Google","2025-04-16","25.990","26.200","25.840","26.170","315340"
"CGL","Ex:TSE | Src:Google","2025-04-17","26.000","26.110","25.740","26.060","214989"
"CGL","Ex:TSE | Src:Google","2025-04-21","26.710","26.880","26.650","26.830","439375"
"CGL","Ex:TSE | Src:Google","2025-04-22","27.040","27.040","26.350","26.430","339509"
"CGL","Ex:TSE | Src:Google","2025-04-23","25.850","25.850","25.400","25.780","755907"
"CGL","Ex:TSE | Src:Google","2025-04-24","26.000","26.170","25.890","26.150","157205"
"CGL","Ex:TSE | Src:Google","2025-04-25","25.680","25.910","25.580","25.880","153356"
"CGL","Ex:TSE | Src:Google","2025-04-28","25.770","26.240","25.730","26.240","129681"
"CGL","Ex:TSE | Src:Google","2025-04-29","25.980","26.040","25.820","25.940","132501"
"CGL","Ex:TSE | Src:Google","2025-04-30","25.890","25.950","25.680","25.680","164480"
"CGL","Ex:TSE | Src:Google","2025-05-01","25.220","25.360","25.040","25.300","244897"
"CGL","Ex:TSE | Src:Google","2025-05-02","25.470","25.580","25.260","25.360","213330"
"CGL","Ex:TSE | Src:Google","2025-05-05","25.990","26.120","25.890","26.070","197472"
"CGL","Ex:TSE | Src:Google","2025-05-06","26.360","26.770","26.360","26.770","135309"
"CGL","Ex:TSE | Src:Google","2025-05-07","26.500","26.590","26.330","26.360","99955"
"CGL","Ex:TSE | Src:Google","2025-05-08","26.360","26.360","25.740","25.870","124568"
"CGL","Ex:TSE | Src:Google","2025-05-09","26.090","26.190","25.970","26.050","132276"
"CGL","Ex:TSE | Src:Google","2025-05-12","25.260","25.370","25.150","25.270","262404"
"CGL","Ex:TSE | Src:Google","2025-05-13","25.300","25.440","25.200","25.380","144139"
"CGL","Ex:TSE | Src:Google","2025-05-14","24.940","24.970","24.740","24.820","219360"
"CGL","Ex:TSE | Src:Google","2025-05-15","24.910","25.280","24.910","25.280","94707"
"CGL","Ex:TSE | Src:Google","2025-05-16","24.820","24.970","24.750","24.940","106599"
"CGL","Ex:TSE | Src:Google","2025-05-20","25.230","25.740","25.230","25.730","162297"
"CGL","Ex:TSE | Src:Google","2025-05-21","25.850","25.990","25.760","25.950","131136"
"CGL","Ex:TSE | Src:Google","2025-05-22","25.920","25.920","25.630","25.700","167924"
"CGL","Ex:TSE | Src:Google","2025-05-23","26.130","26.320","26.100","26.290","78802"
"CGL","Ex:TSE | Src:Google","2025-05-26","26.290","26.320","26.140","26.260","201687"
"CGL","Ex:TSE | Src:Google","2025-05-27","25.780","25.830","25.670","25.830","240538"
"CGL","Ex:TSE | Src:Google","2025-05-28","25.860","25.860","25.700","25.790","59461"
"CGL","Ex:TSE | Src:Google","2025-05-29","25.850","25.990","25.850","25.920","108945"
"CGL","Ex:TSE | Src:Google","2025-05-30","25.780","25.800","25.590","25.780","106229"
"CGL","Ex:TSE | Src:Google","2025-06-02","26.230","26.450","26.160","26.430","135762"
"CGL","Ex:TSE | Src:Google","2025-06-03","26.270","26.270","26.050","26.200","134801"
"CGL","Ex:TSE | Src:Google","2025-06-04","26.160","26.430","26.160","26.320","85656"
"CGL","Ex:TSE | Src:Google","2025-06-05","26.360","26.440","26.080","26.230","109023"
"CGL","Ex:TSE | Src:Google","2025-06-06","26.230","26.230","25.870","25.880","86639"
"CGL","Ex:TSE | Src:Google","2025-06-09","25.830","26.070","25.830","26.010","101172"
"CGL","Ex:TSE | Src:Google","2025-06-10","26.160","26.160","25.930","25.980","87024"
"CGL","Ex:TSE | Src:Google","2025-06-11","26.020","26.120","25.920","26.070","221597"
"CGL","Ex:TSE | Src:Google","2025-06-12","26.340","26.500","26.340","26.450","216055"
"CGL","Ex:TSE | Src:Google","2025-06-13","26.800","26.890","26.680","26.800","159764"
"CGL","Ex:TSE | Src:Google","2025-06-16","26.720","26.720","26.420","26.430","119535"
"CGL","Ex:TSE | Src:Google","2025-06-17","26.520","26.520","26.330","26.400","85043"
"CGL","Ex:TSE | Src:Google","2025-06-18","26.480","26.510","26.240","26.270","103798"
"CGL","Ex:TSE | Src:Google","2025-06-19","26.340","26.550","26.250","26.550","103947"
"CGL","Ex:TSE | Src:Google","2025-06-20","26.270","26.330","26.210","26.250","100743"
"CGL","Ex:TSE | Src:Google","2025-06-23","26.340","26.470","26.300","26.360","156476"
"CGL","Ex:TSE | Src:Google","2025-06-24","25.750","25.750","25.750","25.750","189864"
"CGL","Ex:TSE | Src:Google","2025-06-25","25.870","25.870","25.870","25.870","112295"
"CGL","Ex:TSE | Src:Google","2025-06-26","25.920","26.000","25.820","25.940","184877"
"CGL","Ex:TSE | Src:Google","2025-06-27","25.450","25.600","25.350","25.520","268207"
"CGL","Ex:TSE | Src:Google","2025-06-30","25.620","25.820","25.590","25.820","151721"
"CGL","Ex:TSE | Src:Google","2025-07-02","26.040","26.190","25.980","26.180","100582"
"CGL","Ex:TSE | Src:Google","2025-07-03","26.010","26.050","25.920","26.050","111526"
"CGL","Ex:TSE | Src:Google","2025-07-04","25.960","26.130","25.960","26.100","230438"
"CGL","Ex:TSE | Src:Google","2025-07-07","25.870","26.040","25.790","26.030","165052"
"CGL","Ex:TSE | Src:Google","2025-07-08","25.940","25.940","25.630","25.680","168105"
"CGL","Ex:TSE | Src:Google","2025-07-09","25.710","25.830","25.640","25.800","180685"
"CGL","Ex:TSE | Src:Google","2025-07-10","25.940","25.940","25.790","25.880","73480"
"CGL","Ex:TSE | Src:Google","2025-07-11","26.120","26.230","26.100","26.150","144742"
"CGL","Ex:TSE | Src:Google","2025-07-14","26.170","26.170","26.040","26.040","68060"
"CGL","Ex:TSE | Src:Google","2025-07-15","26.050","26.090","25.880","25.920","25233"
"CGL","Ex:TSE | Src:Google","2025-07-16","26.020","26.270","25.860","26.060","79730"
"CGL","Ex:TSE | Src:Google","2025-07-17","25.850","26.020","25.820","26.010","46529"
"CGL","Ex:TSE | Src:Google","2025-07-18","26.120","26.150","26.070","26.070","80943"
"CGL","Ex:TSE | Src:Google","2025-07-21","26.320","26.470","26.320","26.440","152187"
"CGL","Ex:TSE | Src:Google","2025-07-22","26.550","26.720","26.520","26.710","214044"
"CGL","Ex:TSE | Src:Google","2025-07-23","26.560","26.610","26.340","26.360","101561"
"CGL","Ex:TSE | Src:Google","2025-07-24","26.180","26.270","26.100","26.230","47430"
"CGL","Ex:TSE | Src:Google","2025-07-25","26.030","26.060","25.890","26.000","101721"
"CGL","Ex:TSE | Src:Google","2025-07-28","25.900","25.900","25.700","25.810","112472"
"CGL","Ex:TSE | Src:Google","2025-07-29","25.850","25.940","25.780","25.900","77704"
"CGL","Ex:TSE | Src:Google","2025-07-30","25.750","25.750","25.430","25.460","143458"
"CGL","Ex:TSE | Src:Google","2025-07-31","25.670","25.730","25.560","25.570","60836"
"CGL","Ex:TSE | Src:Google","2025-08-01","26.030","26.160","25.970","26.140","123834"
"CGL","Ex:TSE | Src:Google","2025-08-05","26.300","26.370","26.220","26.300","88179"
"CGL","Ex:TSE | Src:Google","2025-08-06","26.240","26.290","26.180","26.210","41312"
"CGL","Ex:TSE | Src:Google","2025-08-07","26.340","26.450","26.240","26.450","91638"
"CGL","Ex:TSE | Src:Google","2025-08-08","26.440","26.460","26.260","26.440","126587"
"CGL","Ex:TSE | Src:Google","2025-08-11","26.100","26.140","25.990","26.060","137543"
"CGL","Ex:TSE | Src:Google","2025-08-12","26.040","26.100","25.900","26.020","77559"
"CGL","Ex:TSE | Src:Google","2025-08-13","26.140","26.180","26.030","26.100","63748"
"CGL","Ex:TSE | Src:Google","2025-08-14","26.000","26.030","25.870","25.960","58894"
"CGL","Ex:TSE | Src:Google","2025-08-15","25.920","26.010","25.910","25.960","48004"
"CGL","Ex:TSE | Src:Google","2025-08-18","25.990","25.990","25.880","25.920","35181"
"CGL","Ex:TSE | Src:Google","2025-08-19","25.870","25.920","25.770","25.770","42297"
"CGL","Ex:TSE | Src:Google","2025-08-20","25.990","26.040","25.940","26.040","31670"
"CGL","Ex:TSE | Src:Google","2025-08-21","26.030","26.030","25.910","25.950","35968"
"CGL","Ex:TSE | Src:Google","2025-08-22","25.910","26.240","25.870","26.180","66022"
"CGL","Ex:TSE | Src:Google","2025-08-25","26.180","26.220","26.140","26.160","30340"
"CGL","Ex:TSE | Src:Google","2025-08-26","26.240","26.350","26.180","26.340","46740"
"CGL","Ex:TSE | Src:Google","2025-08-27","26.290","26.390","26.230","26.390","34038"
"CGL","Ex:TSE | Src:Google","2025-08-28","26.460","26.610","26.440","26.610","148231"
"CGL","Ex:TSE | Src:Google","2025-08-29","26.630","26.840","26.560","26.830","102949"
"CGL","Ex:TSE | Src:Google","2025-09-02","27.110","27.520","27.040","27.480","221945"
"CGL","Ex:TSE | Src:Google","2025-09-03","27.720","27.790","27.560","27.690","176226"
"CGL","Ex:TSE | Src:Google","2025-09-04","27.610","27.640","27.430","27.640","210640"
"CGL","Ex:TSE | Src:Google","2025-09-05","27.830","28.030","27.780","27.980","277758"
"CGL","Ex:TSE | Src:Google","2025-09-08","28.230","28.360","28.160","28.290","231604"
"CGL","Ex:TSE | Src:Google","2025-09-09","28.460","28.550","28.200","28.230","183131"
"CGL","Ex:TSE | Src:Google","2025-09-10","28.340","28.390","28.240","28.280","138698"
"CGL","Ex:TSE | Src:Google","2025-09-11","28.150","28.260","28.100","28.250","101258"
"CGL","Ex:TSE | Src:Google","2025-09-12","28.350","28.360","28.280","28.290","67259"
"CGL","Ex:TSE | Src:Google","2025-09-15","28.340","28.610","28.340","28.580","154893"
"CGL","Ex:TSE | Src:Google","2025-09-16","28.710","28.750","28.570","28.640","156873"
"CGL","Ex:TSE | Src:Google","2025-09-17","28.580","28.750","28.300","28.450","114876"
"CGL","Ex:TSE | Src:Google","2025-09-18","28.380","28.380","28.160","28.330","105545"
"CGL","Ex:TSE | Src:Google","2025-09-19","28.430","28.610","28.350","28.610","75664"
"CGL","Ex:TSE | Src:Google","2025-09-22","28.860","29.100","28.830","29.100","299770"
"CGL","Ex:TSE | Src:Google","2025-09-23","29.390","29.400","29.110","29.220","172635"
"CGL","Ex:TSE | Src:Google","2025-09-24","29.270","29.280","28.860","28.940","158467"
"CGL","Ex:TSE | Src:Google","2025-09-25","28.960","29.150","28.880","29.040","96072"
"CGL","Ex:TSE | Src:Google","2025-09-26","29.160","29.370","29.120","29.250","111988"
